time,Volume,Vol Snow,Vol Blue Ice,Vol White Ice,Tot Inflow Vol,Tot Outflow Vol,Overflow Vol,Evaporation,Rain,Local Runoff,Snowfall,Lake Level,Surface Area,Blue Ice Thickness,Snow Thickness,Snow Density,White Ice Thickness,Albedo,Max Temp,Min Temp,Surface Temp,Daily Qsw,Daily Qe,Daily Qh,Daily Qlw,Light,Benthic Light,Surface Wave Height,Surface Wave Length,Surface Wave Period,LakeNumber,Max dT/dz,CD,CHE,z/L
1997-04-16 24:00:00,1594451.543150,    0.000000,    0.000000,    0.000000,    0.000000,    0.000000,    0.000000, -631.237143,    0.000000,    0.000000,    0.000000,   10.285041,333716.609434,    0.000000,    0.000000,    0.000000,    0.000000,    0.084000,    3.678520,    3.678520,    3.678520,   99.055469,  -54.600460,  -16.575976, -117.625626,  692.525976,    0.000000,    0.082049,    1.801366,    1.074129,    0.000000,    0.131368,    0.001689,    0.001721,    0.000000
1997-04-17 24:00:00,1594251.137470,    0.000000,    0.000000,    0.000000,  408.056204,  176.484211,    0.000000, -434.232075,    0.000000,    0.000000,    0.000000,   10.284437,333695.403838,    0.000000,    0.000000,    0.000000,    0.000000,    0.084000,    3.921890,    3.893762,    3.893762,  206.873687,  -37.562472,   12.933532,  -93.510916,  743.916164,    0.000000,    0.115529,    2.435377,    1.248931,    0.000120,    0.124710,    0.001689,    0.001721,    0.000000
1997-04-18 24:00:00,1593723.870327,    0.000000,    0.000000,    0.000000,  415.693215,  181.923195,    0.000000, -764.921994,    0.000000,    0.000000,    0.000000,   10.282849,333639.611936,    0.000000,    0.000000,    0.000000,    0.000000,    0.084000,    3.673939,    3.644831,    3.644831,  160.711141,  -66.174174,  -46.370778,  -76.255965,  372.380247,    0.000000,    0.105236,    2.243936,    1.198838,    0.000051,    0.124690,    0.001689,    0.001721,    0.000000
1997-04-19 24:00:00,1593456.122454,    0.000000,    0.000000,    0.000000,  419.678675,  180.252650,    0.000000, -509.697271,    0.000000,    0.000000,    0.000000,   10.282042,333611.280636,    0.000000,    0.000000,    0.000000,    0.000000,    0.084000,    3.460422,    3.430604,    3.430604,  174.884177,  -44.117001,  -43.276096, -107.386416,  859.044848,    0.000000,    0.066675,    1.497195,    0.979252,    0.000077,    0.071751,    0.001689,    0.001721,    0.000000
1997-04-20 24:00:00,1593351.541012,    0.000000,    0.000000,    0.000000,  420.588284,  179.946136,    0.000000, -346.920277,    0.000000,    0.000000,    0.000000,   10.281727,333600.214524,    0.000000,    0.000000,    0.000000,    0.000000,    0.084000,    3.734275,    3.621199,    3.621199,  180.079128,  -30.022988,   -0.592591,  -72.803724,  403.704152,    0.000000,    0.052923,    1.215943,    0.882495,    0.000376,    0.134381,    0.001689,    0.001721,    0.000000
1997-04-21 24:00:00,1594213.853363,    0.000000,    0.000000,    0.000000,  422.270508,  179.219844,    0.000000,  -95.999687,  718.375470,    0.000000,    0.000000,   10.284325,333691.458681,    0.000000,    0.000000,    0.000000,    0.000000,    0.084000,    3.859568,    3.693019,    3.842056,  124.697254,   -8.305018,    4.735438,  -56.834340,  479.742081,    0.000000,    0.037705,    0.891647,    0.755704,    0.006272,    0.142897,    0.001689,    0.001721,    0.000000
1997-04-22 24:00:00,1594303.693750,    0.000000,    0.000000,    0.000000,  422.631855,  179.124618,    0.000000, -198.643403,   44.179708,    0.000000,    0.000000,   10.284595,333700.964994,    0.000000,    0.000000,    0.000000,    0.000000,    0.084000,    4.043656,    3.829036,    4.026226,  132.556033,  -17.180614,    1.015847,  -52.814549,  462.667295,    0.000000,    0.037895,    0.895803,    0.757464,    0.002936,    0.158360,    0.001689,    0.001721,    0.000000
1997-04-23 24:00:00,1594270.530384,    0.000000,    0.000000,    0.000000,  422.726225,  179.170791,    0.000000, -410.730197,   88.393615,    0.000000,    0.000000,   10.284495,333697.455867,    0.000000,    0.000000,    0.000000,    0.000000,    0.084000,    4.108946,    3.857628,    4.088857,  166.855827,  -35.522453,   -9.562924,  -74.962500,  732.730482,    0.000000,    0.062378,    1.410369,    0.950434,    0.001265,    0.071747,    0.001689,    0.001721,    0.000000
1997-04-24 24:00:00,1594107.819913,    0.000000,    0.000000,    0.000000,  419.859728,  180.651428,    0.000000, -403.994956,    0.000000,    0.000000,    0.000000,   10.284005,333680.238927,    0.000000,    0.000000,    0.000000,    0.000000,    0.084000,    4.197782,    3.986067,    4.183940,  197.519154,  -34.936447,  -10.538942,  -93.647839,  684.867532,    0.000000,    0.067011,    1.503967,    0.981465,    0.001199,    0.053271,    0.001689,    0.001721,    0.000000
1997-04-25 24:00:00,1593983.984272,    0.000000,    0.000000,    0.000000,  421.379850,  180.042569,    0.000000, -367.042400,    0.000000,    0.000000,    0.000000,   10.283632,333667.135463,    0.000000,    0.000000,    0.000000,    0.000000,    0.084000,    4.367178,    4.211302,    4.351505,  165.499843,  -31.737090,   -1.954155,  -63.131126,  507.103856,    0.000000,    0.080899,    1.778919,    1.067416,    0.000593,    0.071750,    0.001689,    0.001721,    0.000000
1997-04-26 24:00:00,1593887.317098,    0.000000,    0.000000,    0.000000,  422.213158,  179.720192,    0.000000, -340.884408,    0.000000,    0.000000,    0.000000,   10.283341,333656.906786,    0.000000,    0.000000,    0.000000,    0.000000,    0.084000,    4.420957,    4.255541,    4.405501,  146.082146,  -29.474321,   -6.742653,  -72.397927,  552.436975,    0.000000,    0.085286,    1.864197,    1.092701,    0.000685,    0.071751,    0.001689,    0.001721,    0.000000
1997-04-27 24:00:00,1593794.731003,    0.000000,    0.000000,    0.000000,  423.003837,  179.413736,    0.000000, -337.875087,    0.000000,    0.000000,    0.000000,   10.283062,333647.109941,    0.000000,    0.000000,    0.000000,    0.000000,    0.084000,    4.690185,    4.215815,    4.659536,  205.122670,  -29.214191,    9.936969, -120.394575,  946.229529,    0.000000,    0.054702,    1.252887,    0.895801,    0.018138,    0.104816,    0.001689,    0.001721,    0.000000
1997-04-28 24:00:00,1593711.489399,    0.000000,    0.000000,    0.000000,  423.392491,  179.303066,    0.000000, -328.976004,    0.000000,    0.000000,    0.000000,   10.282811,333638.301868,    0.000000,    0.000000,    0.000000,    0.000000,    0.084000,    5.181207,    4.754943,    5.155809,  231.953365,  -28.431040,   35.264981,  -84.137811,  749.349152,    0.000000,    0.053177,    1.221222,    0.884408,    0.030292,    0.112681,    0.001689,    0.001721,    0.000000
1997-04-29 24:00:00,1594398.440442,    0.000000,    0.000000,    0.000000,  423.708588,  179.227224,    0.000000, -127.027311,  571.760865,    0.000000,    0.000000,   10.284881,333710.990458,    0.000000,    0.000000,    0.000000,    0.000000,    0.084000,    5.503583,    4.806242,    5.488506,  144.306218,  -10.970111,   27.661377,  -48.148379,  307.241835,    0.000000,    0.055144,    1.262072,    0.899078,    0.054294,    0.101425,    0.001689,    0.001721,    0.000000
1997-04-30 24:00:00,1594530.127187,    0.000000,    0.000000,    0.000000,  424.103549,  179.114095,    0.000000, -113.897609,    0.000000,    0.000000,    0.000000,   10.285277,333724.924674,    0.000000,    0.000000,    0.000000,    0.000000,    0.084000,    5.874349,    5.129593,    5.874349,  162.655507,   -9.835842,   15.480629,  -91.327426,  901.321203,    0.000000,    0.039797,    0.937209,    0.774772,    0.097536,    0.130432,    0.001689,    0.001721,    0.000000
1997-05-01 24:00:00,1594453.727589,    0.000000,    0.000000,    0.000000,  424.470297,  179.077078,    0.000000, -323.485664,    0.000000,    0.000000,    0.000000,   10.285047,333716.840577,    0.000000,    0.000000,    0.000000,    0.000000,    0.084000,    6.429942,    5.976365,    6.408866,  240.669847,  -27.919809,   70.006138,  -75.573561,  885.490951,    0.000000,    0.122039,    2.555077,    1.279256,    0.014858,    0.071802,    0.001689,    0.001721,    0.000000
1997-05-02 24:00:00,1595327.951408,    0.000000,    0.000000,    0.000000,  422.051101,  180.215435,    0.000000, -578.652320, 1214.444018,    0.000000,    0.000000,   10.287681,333809.345127,    0.000000,    0.000000,    0.000000,    0.000000,    0.075000,    6.565092,    6.349763,    6.548205,  202.505790,  -49.905329,   -1.429765,  -70.147496,  613.786570,    0.000000,    0.107130,    2.279456,    1.208290,    0.007339,    0.111517,    0.001689,    0.001721,    0.000000
1997-05-03 24:00:00,1595740.106389,    0.000000,    0.000000,    0.000000,  423.220351,  179.775517,    0.000000,-1015.530156,    0.000000,    0.000000,    0.000000,   10.288922,333852.956625,    0.000000,    0.000000,    0.000000,    0.000000,    0.075000,    6.216242,    5.991811,    6.201374,  196.982399,  -87.588678,  -45.068762, -109.055031,  865.539633,    0.000000,    0.115983,    2.443849,    1.251102,    0.005550,    0.071746,    0.001689,    0.001721,    0.000000
1997-05-04 24:00:00,1595585.553668,    0.000000,    0.000000,    0.000000,  423.693834,  179.477110,    0.000000, -401.016349,    0.000000,    0.000000,    0.000000,   10.288457,333836.602884,    0.000000,    0.000000,    0.000000,    0.000000,    0.075000,    6.463277,    6.128869,    6.452712,  210.359802,  -34.588423,    2.677561, -105.294641,  717.032503,    0.000000,    0.043978,    1.027270,    0.811143,    0.078586,    0.130421,    0.001689,    0.001721,    0.000000
1997-05-05 24:00:00,1595171.486257,    0.000000,    0.000000,    0.000000,  420.557113,  181.012098,    0.000000, -657.237628,    0.000000,    0.000000,    0.000000,   10.287209,333792.789025,    0.000000,    0.000000,    0.000000,    0.000000,    0.075000,    6.629162,    6.187383,    6.605100,  222.856718,  -56.691696,    8.227502, -100.718040,  971.758670,    0.000000,    0.094429,    2.039857,    1.143024,    0.027104,    0.071801,    0.001689,    0.001721,    0.000000
1997-05-06 24:00:00,1595144.919530,    0.000000,    0.000000,    0.000000,  424.740143,  179.102990,    0.000000,-1061.276262,  787.582692,    0.000000,    0.000000,   10.287129,333789.977911,    0.000000,    0.000000,    0.000000,    0.000000,    0.075000,    6.440575,    6.149384,    6.426598,  255.905544,  -91.537045,   -8.428325, -139.010926,  973.500904,    0.000000,    0.103602,    2.213371,    1.190646,    0.014798,    0.073322,    0.001689,    0.001721,    0.000000
1997-05-07 24:00:00,1596548.812160,    0.000000,    0.000000,    0.000000,  424.852416,  179.172927,    0.000000, -494.432644, 1659.227538,    0.000000,    0.000000,   10.291358,333938.528491,    0.000000,    0.000000,    0.000000,    0.000000,    0.075000,    6.898895,    6.624892,    6.887105,  219.249602,  -42.617529,   43.170073,  -73.238449,  698.380249,    0.000000,    0.140722,    2.893405,    1.361320,    0.005697,    0.055682,    0.001689,    0.001721,    0.000000
1997-05-08 24:00:00,1596180.189130,    0.000000,    0.000000,    0.000000,  426.497276,  178.889765,    0.000000, -861.889950,  242.048815,    0.000000,    0.000000,   10.290248,333899.523254,    0.000000,    0.000000,    0.000000,    0.000000,    0.075000,    6.834790,    6.481831,    6.821105,  223.690774,  -74.294081,   -9.269512, -124.938722, 1020.965003,    0.000000,    0.109802,    2.329335,    1.221438,    0.014839,    0.055695,    0.001689,    0.001721,    0.000000
1997-05-09 24:00:00,1595580.082682,    0.000000,    0.000000,    0.000000,  424.869097,  179.223594,    0.000000, -850.578322,    0.000000,    0.000000,    0.000000,   10.288440,333836.023981,    0.000000,    0.000000,    0.000000,    0.000000,    0.075000,    6.916085,    6.634854,    6.899821,  237.157214,  -73.323703,    9.270287, -111.715341,  804.303438,    0.000000,    0.100497,    2.154939,    1.174824,    0.013829,    0.074216,    0.001689,    0.001721,    0.000000
1997-05-10 24:00:00,1597918.223752,    0.000000,    0.000000,    0.000000,  420.093609,  181.710883,    0.000000, -348.270402, 2460.554217,    0.000000,    0.000000,   10.295484,334083.430518,    0.000000,    0.000000,    0.000000,    0.000000,    0.075000,    7.294511,    7.028148,    7.281835,  190.466015,  -29.993978,   24.622294,  -60.941224,  669.442305,    0.000000,    0.141087,    2.900029,    1.362877,    0.006631,    0.055707,    0.001689,    0.001721,    0.000000
1997-05-11 24:00:00,1597445.851879,    0.000000,    0.000000,    0.000000,  423.699818,  179.913453,    0.000000,-1012.478486,  291.822480,    0.000000,    0.000000,   10.294061,334033.447268,    0.000000,    0.000000,    0.000000,    0.000000,    0.075000,    7.088085,    6.856005,    7.073342,  201.770722,  -87.207459,  -32.193063,  -90.143498,  901.812533,    0.000000,    0.169106,    3.394439,    1.474482,    0.001806,    0.089769,    0.001689,    0.001721,    0.000000
1997-05-12 24:00:00,1597136.644887,    0.000000,    0.000000,    0.000000,  425.650908,  179.059310,    0.000000, -559.219152,    0.000000,    0.000000,    0.000000,   10.293129,334000.729041,    0.000000,    0.000000,    0.000000,    0.000000,    0.075000,    7.318516,    6.938038,    7.300082,  224.244820,  -48.169501,   -0.618042, -110.209747,  849.116537,    0.000000,    0.065023,    1.464006,    0.968338,    0.053221,    0.052299,    0.001689,    0.001721,    0.000000
1997-05-13 24:00:00,1599950.477228,    0.000000,    0.000000,    0.000000,  416.422209,  183.275197,    0.000000, -308.599510, 2902.797817,    0.000000,    0.000000,   10.301588,334297.888925,    0.000000,    0.000000,    0.000000,    0.000000,    0.075000,    7.670912,    7.365204,    7.650554,  183.863677,  -26.549802,   28.866269,  -66.637925,  591.582178,    0.000000,    0.094929,    2.049593,    1.145748,    0.027604,    0.106046,    0.001689,    0.001721,    0.000000
1997-05-14 24:00:00,1599864.943176,    0.000000,    0.000000,    0.000000,  422.182204,  180.766012,    0.000000,-1261.295015,  288.951251,    0.000000,    0.000000,   10.301333,334288.931546,    0.000000,    0.000000,    0.000000,    0.000000,    0.075000,    6.848403,    6.828211,    6.828211,  122.566273, -108.539963,  -89.282941,  -75.618699,  372.030051,    0.000000,    0.159851,    3.232819,    1.438951,    0.000000,    0.071734,    0.001689,    0.001721,    0.000000
1997-05-15 24:00:00,1599953.071055,    0.000000,    0.000000,    0.000000,  424.022226,  180.166153,    0.000000, -492.765622,  337.690420,    0.000000,    0.000000,   10.301595,334298.160558,    0.000000,    0.000000,    0.000000,    0.000000,    0.075000,    6.555258,    6.457992,    6.530974,   95.860756,  -42.428424,  -36.526339,  -72.066729,  386.698773,    0.000000,    0.052167,    1.200325,    0.876809,    0.012347,    0.071734,    0.001689,    0.001721,    0.000000
1997-05-16 24:00:00,1601402.446323,    0.000000,    0.000000,    0.000000,  413.775528,  184.744482,    0.000000, -427.127708, 1642.639412,    0.000000,    0.000000,   10.305913,334449.943427,    0.000000,    0.000000,    0.000000,    0.000000,    0.075000,    6.525294,    6.264769,    6.501989,  124.840902,  -36.768791,  -21.949815,  -65.166454,  607.674851,    0.000000,    0.060075,    1.363626,    0.934551,    0.034486,    0.108224,    0.001689,    0.001721,    0.000000
1997-05-17 24:00:00,1601131.668664,    0.000000,    0.000000,    0.000000,  421.365580,  181.466954,    0.000000, -857.088176,  348.335382,    0.000000,    0.000000,   10.305106,334421.586789,    0.000000,    0.000000,    0.000000,    0.000000,    0.075000,    6.185528,    5.992617,    6.173050,  172.702373,  -73.799625,  -47.879002,  -83.712034,  772.014933,    0.000000,    0.119929,    2.516799,    1.269637,    0.003874,    0.071733,    0.001689,    0.001721,    0.000000
1997-05-18 24:00:00,1602277.693577,    0.000000,    0.000000,    0.000000,  421.804316,  181.509796,    0.000000, -533.631681, 1436.065836,    0.000000,    0.000000,   10.308520,334541.601910,    0.000000,    0.000000,    0.000000,    0.000000,    0.075000,    6.085709,    5.966552,    6.058084,  151.710806,  -45.936068,  -20.402704,  -86.116962,  440.985718,    0.000000,    0.070653,    1.577120,    1.005050,    0.007358,    0.101152,    0.001689,    0.001721,    0.000000
1997-05-19 24:00:00,1602412.177215,    0.000000,    0.000000,    0.000000,  417.524011,  183.433989,    0.000000,  -99.264527,    0.000000,    0.000000,    0.000000,   10.308921,334555.685435,    0.000000,    0.000000,    0.000000,    0.000000,    0.075000,    6.603009,    6.041660,    6.603009,  152.977706,   -8.544789,    4.543886,  -58.246111,  793.043457,    0.000000,    0.029435,    0.708040,    0.673417,    0.188921,    0.127816,    0.001689,    0.001721,    0.000000
1997-05-20 24:00:00,1609473.593774,    0.000000,    0.000000,    0.000000,  421.464854,  181.712886,    0.000000,    0.000000, 6805.596113,    0.000000,    0.000000,   10.329957,335295.177880,    0.000000,    0.000000,    0.000000,    0.000000,    0.075000,    7.018632,    6.082327,    7.007613,  152.733900,    0.000000,   26.722851,  -39.823041,  439.485666,    0.000000,    0.070945,    1.583168,    1.006976,    0.110632,    0.052772,    0.001689,    0.001721,    0.000000
1997-05-21 24:00:00,1609778.034647,    0.000000,    0.000000,    0.000000,  418.095605,  183.347838,    0.000000, -367.616620,  437.228748,    0.000000,    0.000000,   10.330863,335327.059830,    0.000000,    0.000000,    0.000000,    0.000000,    0.075000,    6.792464,    6.658121,    6.770981,  106.992310,  -31.550014,  -17.821510,  -57.668347,  428.206219,    0.000000,    0.092478,    2.003253,    1.132722,    0.007070,    0.071697,    0.001689,    0.001721,    0.000000
1997-05-22 24:00:00,1609435.667107,    0.000000,    0.000000,    0.000000,  420.911011,  182.195227,    0.000000, -653.501638,   73.094812,    0.000000,    0.000000,   10.329844,335291.206087,    0.000000,    0.000000,    0.000000,    0.000000,    0.075000,    6.590433,    6.422268,    6.571254,  125.165333,  -56.103725,  -19.743976,  -75.237720,  592.189964,    0.000000,    0.101655,    2.177450,    1.180945,    0.006583,    0.071702,    0.001689,    0.001721,    0.000000
1997-05-23 24:00:00,1609170.972958,    0.000000,    0.000000,    0.000000,  397.755798,  193.043693,    0.000000, -468.817471,    0.000000,    0.000000,    0.000000,   10.329055,335263.486533,    0.000000,    0.000000,    0.000000,    0.000000,    0.075000,    6.783491,    6.363770,    6.764582,  178.738342,  -40.255025,  -10.731739,  -79.334929,  870.821954,    0.000000,    0.068613,    1.536557,    0.992041,    0.045433,    0.109024,    0.001689,    0.001721,    0.000000
1997-05-24 24:00:00,1609087.534141,    0.000000,    0.000000,    0.000000,  410.345942,  187.273079,    0.000000, -306.109372,    0.000000,    0.000000,    0.000000,   10.328807,335254.748573,    0.000000,    0.000000,    0.000000,    0.000000,    0.075000,    6.913239,    6.481246,    6.906841,  195.443197,  -26.277646,   -0.589409,  -99.055297,  731.319807,    0.000000,    0.044813,    1.045325,    0.818241,    0.086967,    0.135113,    0.001689,    0.001721,    0.000000
1997-05-25 24:00:00,1610013.756471,    0.000000,    0.000000,    0.000000,  415.112547,  185.114953,    0.000000,  -24.000291,  719.397437,    0.000000,    0.000000,   10.331566,335351.745317,    0.000000,    0.000000,    0.000000,    0.000000,    0.075000,    7.582013,    6.646050,    7.576556,  167.833361,   -2.058806,   39.445706,  -45.342357,  650.083612,    0.000000,    0.073311,    1.630222,    1.021830,    0.098314,    0.054442,    0.001689,    0.001721,    0.000000
1997-05-26 24:00:00,1611244.064426,    0.000000,    0.000000,    0.000000,  417.614059,  184.033028,    0.000000,    0.000000,  995.874908,    0.000000,    0.000000,   10.335231,335480.586808,    0.000000,    0.000000,    0.000000,    0.000000,    0.075000,    8.156871,    6.877189,    8.156871,  134.906763,    0.000000,   23.598576,  -38.749680,  463.447333,    0.000000,    0.042222,    0.989837,    0.796228,    0.433838,    0.054461,    0.001689,    0.001721,    0.000000
1997-05-27 24:00:00,1611676.085590,    0.000000,    0.000000,    0.000000,  418.622472,  183.506063,    0.000000, -340.800131,  537.588595,    0.000000,    0.000000,   10.336518,335525.829343,    0.000000,    0.000000,    0.000000,    0.000000,    0.075000,    8.060051,    7.578657,    8.041397,  179.889746,  -29.202421,    7.424338,  -96.362504, 1032.355806,    0.000000,    0.113623,    2.401125,    1.240117,    0.033584,    0.106272,    0.001689,    0.001721,    0.000000
1997-05-28 24:00:00,1611122.007835,    0.000000,    0.000000,    0.000000,  416.251534,  184.490713,    0.000000, -785.364967,    0.000000,    0.000000,    0.000000,   10.334867,335467.804680,    0.000000,    0.000000,    0.000000,    0.000000,    0.075000,    8.057069,    7.604363,    8.043772,  266.689293,  -67.300112,  -16.407901, -132.897634, 1187.309003,    0.000000,    0.099575,    2.138271,    1.170272,    0.037253,    0.152057,    0.001689,    0.001721,    0.000000
1997-05-29 24:00:00,1610742.528100,    0.000000,    0.000000,    0.000000,  414.377057,  185.245664,    0.000000, -608.155254,    0.000000,    0.000000,    0.000000,   10.333737,335428.064439,    0.000000,    0.000000,    0.000000,    0.000000,    0.075000,    8.445761,    7.820108,    8.436090,  284.961146,  -52.110233,    3.651061, -129.246726, 1191.164195,    0.000000,    0.069652,    1.557405,    0.998749,    0.091739,    0.067208,    0.001689,    0.001721,    0.000000
1997-05-30 24:00:00,1610455.626783,    0.000000,    0.000000,    0.000000,  415.530691,  184.493092,    0.000000, -517.496665,    0.000000,    0.000000,    0.000000,   10.332882,335398.019284,    0.000000,    0.000000,    0.000000,    0.000000,    0.075000,    8.794315,    7.883663,    8.777769,  263.202564,  -44.326324,   16.209638, -103.619025, 1011.549722,    0.000000,    0.072846,    1.621015,    1.018941,    0.100609,    0.054421,    0.001689,    0.001721,    0.000000
1997-05-31 24:00:00,1615411.607866,    0.000000,    0.000000,    0.000000,  421.528568,  183.660226,    0.000000, -157.532553, 4874.887178,    0.000000,    0.000000,   10.347646,335917.024294,    0.000000,    0.000000,    0.000000,    0.000000,    0.075000,    9.064980,    8.189482,    9.056656,  172.449748,  -13.465048,    7.392995,  -59.274395,  434.857470,    0.000000,    0.065933,    1.482891,    0.974563,    0.189268,    0.131559,    0.001689,    0.001721,    0.000000
1997-06-01 24:00:00,1615879.970065,    0.000000,    0.000000,    0.000000,  421.209315,  182.592470,    0.000000,    0.000000,  229.909502,    0.000000,    0.000000,   10.349041,335966.072570,    0.000000,    0.000000,    0.000000,    0.000000,    0.075000,    9.679349,    8.396576,    9.679349,  153.580913,    0.000000,   11.937161,  -55.286816,  861.813773,    0.000000,    0.037700,    0.891802,    0.755770,    0.548001,    0.054711,    0.001689,    0.001721,    0.000000
1997-06-02 24:00:00,1616149.671325,    0.000000,    0.000000,    0.000000,  421.825170,  182.196856,    0.000000,  -67.198225,   97.296155,    0.000000,    0.000000,   10.349844,335994.316484,    0.000000,    0.000000,    0.000000,    0.000000,    0.073000,   10.355718,    8.665476,   10.355718,  239.725382,   -5.738217,   19.203497,  -96.581525, 1163.793876,    0.000000,    0.022147,    0.540802,    0.588538,    1.851188,    0.075288,    0.001689,    0.001721,    0.000000
1997-06-03 24:00:00,1616302.780446,    0.000000,    0.000000,    0.000000,  403.446371,  190.031280,    0.000000,  -60.360329,    0.000000,    0.000000,    0.000000,   10.350300,336010.350524,    0.000000,    0.000000,    0.000000,    0.000000,    0.073000,   11.282879,    8.964977,   11.282879,  269.824404,   -5.148981,   34.591143,  -86.410670, 1122.331467,    0.000000,    0.035680,    0.847465,    0.736744,    1.394951,    0.055050,    0.001689,    0.001721,    0.000000
1997-06-04 24:00:00,1616450.483364,    0.000000,    0.000000,    0.000000,  412.174462,  186.253619,    0.000000,  -78.291962,    0.000000,    0.000000,    0.000000,   10.350740,336025.818411,    0.000000,    0.000000,    0.000000,    0.000000,    0.073000,   11.958265,    9.305260,   11.958265,  265.558396,   -6.672407,   42.580544,  -92.733748, 1133.997106,    0.000000,    0.065210,    1.468344,    0.969771,    0.689856,    0.065970,    0.001689,    0.001721,    0.000000
1997-06-05 24:00:00,1616428.811441,    0.000000,    0.000000,    0.000000,  414.680155,  185.258413,    0.000000, -251.336401,    0.000000,    0.000000,    0.000000,   10.350676,336023.548863,    0.000000,    0.000000,    0.000000,    0.000000,    0.073000,   12.050359,    9.715531,   12.050359,  207.076441,  -21.406616,   17.078536,  -83.316172,  627.239874,    0.000000,    0.046372,    1.078639,    0.831177,    1.182557,    0.056077,    0.001689,    0.001721,    0.000000
1997-06-06 24:00:00,1618822.559811,    0.000000,    0.000000,    0.000000,  416.578308,  184.562580,    0.000000,  -94.285334, 2258.872769,    0.000000,    0.000000,   10.357807,336274.229279,    0.000000,    0.000000,    0.000000,    0.000000,    0.073000,   12.340053,   10.211864,   12.340053,  153.463244,   -8.024769,   15.628170,  -69.682253,  683.946761,    0.000000,    0.028721,    0.692012,    0.665752,    2.206399,    0.056626,    0.001689,    0.001721,    0.000000
1997-06-07 24:00:00,1622085.014035,    0.000000,    0.000000,    0.000000,  417.773530,  184.149323,    0.000000,  -25.992818, 3061.477130,    0.000000,    0.000000,   10.367525,336615.883142,    0.000000,    0.000000,    0.000000,    0.000000,    0.073000,   12.810721,   10.716556,   12.810721,  177.382882,   -2.209231,    9.979572,  -72.359801,    0.000000,    0.000000,    0.016049,    0.396456,    0.503910,    5.364169,    0.057166,    0.001689,    0.001721,    0.000000
1997-06-08 24:00:00,1622117.064530,    0.000000,    0.000000,    0.000000,  419.023901,  183.672251,    0.000000, -203.856497,    0.000000,    0.000000,    0.000000,   10.367621,336619.239565,    0.000000,    0.000000,    0.000000,    0.000000,    0.073000,   12.707495,   11.102869,   12.707495,  159.132101,  -17.320169,   -3.432114,  -65.582626,  527.976074,    0.000000,    0.040804,    0.959394,    0.783888,    1.027774,    0.057422,    0.001689,    0.001721,    0.000000
1997-06-09 24:00:00,1624770.799315,    0.000000,    0.000000,    0.000000,  411.406445,  187.059992,    0.000000, -282.376646, 2719.381466,    0.000000,    0.000000,   10.375526,336897.146528,    0.000000,    0.000000,    0.000000,    0.000000,    0.073000,   12.513581,   11.493827,   12.512185,  128.273499,  -23.977988,   -6.686450,  -82.184855,  575.308008,    0.000000,    0.054320,    1.245659,    0.893213,    0.268517,    0.057665,    0.001689,    0.001721,    0.000000
1997-06-10 24:00:00,1624850.748869,    0.000000,    0.000000,    0.000000,  405.634393,  189.887572,    0.000000, -136.283364,    0.000000,    0.000000,    0.000000,   10.375764,336905.519082,    0.000000,    0.000000,    0.000000,    0.000000,    0.073000,   13.115727,   11.899674,   13.115727,  201.060145,  -11.572370,   18.115670, -100.030427, 1158.649453,    0.000000,    0.051220,    1.181017,    0.869728,    0.345111,    0.070463,    0.001689,    0.001721,    0.000000
1997-06-11 24:00:00,1624934.966339,    0.000000,    0.000000,    0.000000,  413.709439,  186.629357,    0.000000, -143.377414,    0.000000,    0.000000,    0.000000,   10.376015,336914.338584,    0.000000,    0.000000,    0.000000,    0.000000,    0.073000,   13.764109,   12.253482,   13.764109,  269.032586,  -12.163044,   17.763541, -100.672503, 1162.815137,    0.000000,    0.031511,    0.754940,    0.695363,    1.497200,    0.134242,    0.001689,    0.001721,    0.000000
1997-06-12 24:00:00,1625057.618230,    0.000000,    0.000000,    0.000000,  406.324755,  189.773177,    0.000000,  -94.241206,    0.000000,    0.000000,    0.000000,   10.376381,336927.183053,    0.000000,    0.000000,    0.000000,    0.000000,    0.073000,   14.572141,   12.469065,   14.572141,  262.521334,   -7.988321,   23.910688,  -87.149510, 1106.156795,    0.000000,    0.029690,    0.713991,    0.676242,    2.438092,    0.134323,    0.001689,    0.001721,    0.000000
1997-06-13 24:00:00,1625982.875886,    0.000000,    0.000000,    0.000000,  413.112027,  187.077720,    0.000000,  -88.434273,  790.310379,    0.000000,    0.000000,   10.379137,337024.078774,    0.000000,    0.000000,    0.000000,    0.000000,    0.073000,   15.226621,   12.722404,   15.226621,  225.725891,   -7.486874,   19.763038,  -62.233381,  847.552903,    0.000000,    0.027118,    0.655607,    0.648003,    3.734455,    0.058664,    0.001689,    0.001721,    0.000000
1997-06-14 24:00:00,1625972.739195,    0.000000,    0.000000,    0.000000,  415.454886,  186.177850,    0.000000, -254.646831,   14.289282,    0.000000,    0.000000,   10.379107,337023.017230,    0.000000,    0.000000,    0.000000,    0.000000,    0.073000,   15.551423,   13.058513,   15.551423,  228.402361,  -21.552889,   21.343908,  -90.998945, 1133.403716,    0.000000,    0.044282,    1.034259,    0.813898,    1.667689,    0.058939,    0.001689,    0.001721,    0.000000
1997-06-15 24:00:00,1625656.231398,    0.000000,    0.000000,    0.000000,  416.993708,  185.621476,    0.000000, -550.012912,    0.000000,    0.000000,    0.000000,   10.378164,336989.871596,    0.000000,    0.000000,    0.000000,    0.000000,    0.073000,   15.672876,   13.467298,   15.672876,  267.399061,  -46.540015,   14.324754, -111.274951, 1187.931457,    0.000000,    0.076933,    1.702322,    1.044182,    0.559320,    0.058861,    0.001689,    0.001721,    0.000000
1997-06-16 24:00:00,1627156.815296,    0.000000,    0.000000,    0.000000,  415.379677,  186.450670,    0.000000, -796.990100, 2073.815755,    0.000000,    0.000000,   10.382634,337147.017184,    0.000000,    0.000000,    0.000000,    0.000000,    0.073000,   15.421513,   13.946111,   15.421513,  261.562427,  -67.406799,  -19.729918, -135.356277,  942.267829,    0.000000,    0.048599,    1.125978,    0.849221,    0.553846,    0.059498,    0.001689,    0.001721,    0.000000
1997-06-17 24:00:00,1631271.070025,    0.000000,    0.000000,    0.000000,  418.642234,  185.286063,    0.000000,-1139.304122, 5039.313533,    0.000000,    0.000000,   10.394890,337577.874119,    0.000000,    0.000000,    0.000000,    0.000000,    0.073000,   15.115815,   14.920275,   15.115815,  211.071286,  -96.260533,  -13.785172,  -99.328019,  751.441301,    0.000000,    0.138435,    2.854773,    1.352201,    0.023255,    0.054470,    0.001689,    0.001721,    0.000000
1997-06-18 24:00:00,1632930.768904,    0.000000,    0.000000,    0.000000,  420.789435,  184.466207,    0.000000, -521.271159, 1952.960017,    0.000000,    0.000000,   10.399834,337751.682698,    0.000000,    0.000000,    0.000000,    0.000000,    0.073000,   15.559409,   14.967044,   15.559409,  210.250687,  -44.024954,    8.122650,  -86.113365, 1080.354065,    0.000000,    0.091981,    1.994746,    1.130314,    0.129217,    0.084130,    0.001689,    0.001721,    0.000000
1997-06-19 24:00:00,1632902.557807,    0.000000,    0.000000,    0.000000,  415.346040,  186.856495,    0.000000, -762.443233,  504.174881,    0.000000,    0.000000,   10.399750,337748.728349,    0.000000,    0.000000,    0.000000,    0.000000,    0.073000,   15.370073,   15.027941,   15.370073,  228.002659,  -64.375257,  -14.830199, -124.364014,  906.379098,    0.000000,    0.051458,    1.186178,    0.871627,    0.241603,    0.054204,    0.001689,    0.001721,    0.000000
1997-06-20 24:00:00,1633931.927089,    0.000000,    0.000000,    0.000000,  406.214077,  193.217584,    0.000000, -772.741912, 1586.118651,    0.000000,    0.000000,   10.402786,337855.516322,    0.000000,    0.000000,    0.000000,    0.000000,    0.073000,   15.191724,   15.007916,   15.191724,  173.089203,  -65.232516,  -27.443537,  -75.639812,  602.954249,    0.000000,    0.067021,    1.505336,    0.981911,    0.084584,    0.119655,    0.001689,    0.001721,    0.000000
1997-06-21 24:00:00,1634211.166219,    0.000000,    0.000000,    0.000000,  410.605707,  192.289388,    0.000000, -370.194060,  430.836501,    0.000000,    0.000000,   10.403608,337884.460612,    0.000000,    0.000000,    0.000000,    0.000000,    0.073000,   15.139300,   14.950077,   15.139300,  129.239475,  -31.253535,   -6.942179,  -84.209336,  524.534876,    0.000000,    0.055992,    1.280502,    0.905619,    0.116778,    0.054221,    0.001689,    0.001721,    0.000000
1997-06-22 24:00:00,1634437.438054,    0.000000,    0.000000,    0.000000,  416.180944,  189.909109,    0.000000,    0.000000,    0.000000,    0.000000,    0.000000,   10.404275,337907.914622,    0.000000,    0.000000,    0.000000,    0.000000,    0.073000,   16.071967,   14.986367,   16.071967,  180.665235,    0.000000,   22.877435,  -68.335136, 1052.314142,    0.000000,    0.056132,    1.283407,    0.906646,    0.377444,    0.064088,    0.001689,    0.001721,    0.000000
1997-06-23 24:00:00,1634659.730696,    0.000000,    0.000000,    0.000000,  414.507551,  190.776364,    0.000000,   -1.432134,    0.000000,    0.000000,    0.000000,   10.404930,337930.956173,    0.000000,    0.000000,    0.000000,    0.000000,    0.073000,   17.024012,   15.074943,   17.024012,  246.508817,   -0.120650,   31.333953,  -66.358327, 1099.390257,    0.000000,    0.052722,    1.212613,    0.881285,    1.076850,    0.073794,    0.001689,    0.001721,    0.000000
1997-06-24 24:00:00,1634511.141224,    0.000000,    0.000000,    0.000000,  417.354239,  189.726117,    0.000000, -374.545808,    0.000000,    0.000000,    0.000000,   10.404492,337915.554260,    0.000000,    0.000000,    0.000000,    0.000000,    0.073000,   17.275371,   15.247114,   17.275371,  260.249699,  -31.552038,   18.121976,  -96.749999, 1172.185704,    0.000000,    0.045990,    1.070822,    0.828160,    1.557115,    0.083751,    0.001689,    0.001721,    0.000000
1997-06-25 24:00:00,1635317.644716,    0.000000,    0.000000,    0.000000,  419.875297,  188.920073,    0.000000,  -53.367037,  626.411768,    0.000000,    0.000000,   10.406868,337999.151679,    0.000000,    0.000000,    0.000000,    0.000000,    0.073000,   18.020966,   15.509130,   18.020966,  239.740776,   -4.490588,   41.455747,  -74.705916,  920.659418,    0.000000,    0.085946,    1.878626,    1.096921,    0.717741,    0.055245,    0.001689,    0.001721,    0.000000
1997-06-26 24:00:00,1638901.578039,    0.000000,    0.000000,    0.000000,  421.569062,  188.395452,    0.000000,    0.000000, 3338.370565,    0.000000,    0.000000,   10.417427,338370.641174,    0.000000,    0.000000,    0.000000,    0.000000,    0.073000,   18.785758,   15.885928,   18.785758,  184.028224,    0.000000,   57.953560,  -54.227330,  686.328236,    0.000000,    0.102778,    2.200035,    1.187053,    0.664834,    0.055457,    0.001689,    0.001721,    0.000000
1997-06-27 24:00:00,1639886.244575,    0.000000,    0.000000,    0.000000,  423.524855,  187.673398,    0.000000, -606.227145, 1352.807935,    0.000000,    0.000000,   10.420328,338472.705929,    0.000000,    0.000000,    0.000000,    0.000000,    0.073000,   18.568893,   16.336705,   18.568893,  210.358207,  -50.900206,   19.733424,  -94.355977, 1148.135254,    0.000000,    0.131186,    2.724525,    1.320994,    0.255330,    0.083861,    0.001689,    0.001721,    0.000000
1997-06-28 24:00:00,1639112.664408,    0.000000,    0.000000,    0.000000,  421.942862,  188.511016,    0.000000,-1004.051526,    0.000000,    0.000000,    0.000000,   10.418049,338392.521148,    0.000000,    0.000000,    0.000000,    0.000000,    0.073000,   18.588966,   16.933024,   18.588966,  264.536866,  -84.315886,   -6.845313, -108.378138, 1157.651371,    0.000000,    0.082702,    1.815779,    1.078418,    0.295775,    0.056378,    0.001689,    0.001721,    0.000000
1997-06-29 24:00:00,1638517.073518,    0.000000,    0.000000,    0.000000,  412.960602,  193.058510,    0.000000, -812.925742,    0.000000,    0.000000,    0.000000,   10.416295,338330.785692,    0.000000,    0.000000,    0.000000,    0.000000,    0.073000,   18.820693,   17.799200,   18.820693,  267.590340,  -68.270556,   10.081719, -114.500991,  527.943855,    0.000000,    0.097535,    2.100902,    1.160001,    0.168138,    0.086184,    0.001689,    0.001721,    0.000000
1997-06-30 24:00:00,1639747.810539,    0.000000,    0.000000,    0.000000,  417.694462,  191.751639,    0.000000, -399.445999, 1401.161847,    0.000000,    0.000000,   10.419921,338458.356669,    0.000000,    0.000000,    0.000000,    0.000000,    0.073000,   19.286375,   18.252291,   19.286375,  247.798721,  -33.515788,   16.178275,  -92.559116,  984.550779,    0.000000,    0.081395,    1.790308,    1.070827,    0.331588,    0.068775,    0.001689,    0.001721,    0.000000
1997-07-01 24:00:00,1639983.825513,    0.000000,    0.000000,    0.000000,  424.194203,  189.031542,    0.000000, -230.384479,  231.234370,    0.000000,    0.000000,   10.420616,338482.820596,    0.000000,    0.000000,    0.000000,    0.000000,    0.073000,   19.959264,   18.488325,   19.959264,  238.370774,  -19.318661,   12.417705,  -80.403169, 1088.136959,    0.000000,    0.042531,    0.996909,    0.799067,    1.323909,    0.137528,    0.001689,    0.001721,    0.000000
1997-07-02 24:00:00,1646300.046171,    0.000000,    0.000000,    0.000000,  426.645749,  188.119270,    0.000000, -172.064592, 6238.372837,    0.000000,    0.000000,   10.439225,339137.522961,    0.000000,    0.000000,    0.000000,    0.000000,    0.074000,   20.421712,   18.780273,   20.421712,  218.607465,  -14.388957,    5.451823,  -69.186350,  814.792308,    0.000000,    0.024287,    0.590670,    0.615075,    4.413883,    0.108555,    0.001689,    0.001721,    0.000000
1997-07-03 24:00:00,1646336.181968,    0.000000,    0.000000,    0.000000,  422.706403,  190.170817,    0.000000, -225.259659,   29.029282,    0.000000,    0.000000,   10.439331,339141.268586,    0.000000,    0.000000,    0.000000,    0.000000,    0.074000,   20.739748,   19.090404,   20.739748,  225.008123,  -18.833603,    3.201414,  -93.921344, 1136.347204,    0.000000,    0.031100,    0.745899,    0.691187,    2.719486,    0.093331,    0.001689,    0.001721,    0.000000
1997-07-04 24:00:00,1652585.540235,    0.000000,    0.000000,    0.000000,  425.760689,  189.205810,    0.000000,-1128.869640, 7142.015822,    0.000000,    0.000000,   10.457743,339789.040388,    0.000000,    0.000000,    0.000000,    0.000000,    0.074000,   20.185784,   19.436144,   20.185784,  208.127799,  -94.189880,  -20.474317,  -84.288092,  670.470284,    0.000000,    0.115820,    2.444040,    1.251151,    0.056620,    0.095083,    0.001689,    0.001721,    0.000000
1997-07-05 24:00:00,1650690.473040,    0.000000,    0.000000,    0.000000,  406.471358,  198.606613,    0.000000,-2104.567933,    0.000000,    0.000000,    0.000000,   10.452160,339592.608844,    0.000000,    0.000000,    0.000000,    0.000000,    0.074000,   19.000957,   18.988275,   19.000957,  111.667932, -175.871457,  -91.228207,  -94.354649,  133.399027,    0.000000,    0.111080,    2.356011,    1.228412,    0.000342,    0.054638,    0.001689,    0.001721,    0.000000
1997-07-06 24:00:00,1653213.126313,    0.000000,    0.000000,    0.000000,  419.616077,  192.778454,    0.000000,-1508.164294, 3805.914954,    0.000000,    0.000000,   10.459592,339854.092277,    0.000000,    0.000000,    0.000000,    0.000000,    0.074000,   18.348119,   18.089064,   18.348119,  142.255197, -126.100691,  -54.745356, -104.061231,  929.997266,    0.000000,    0.078213,    1.728455,    1.052166,    0.112135,    0.054696,    0.001689,    0.001721,    0.000000
1997-07-07 24:00:00,1652163.317344,    0.000000,    0.000000,    0.000000,  400.887122,  201.685199,    0.000000,-1362.916472,  112.538483,    0.000000,    0.000000,   10.456499,339745.275241,    0.000000,    0.000000,    0.000000,    0.000000,    0.074000,   18.081313,   17.732460,   18.081313,  227.865142, -114.045903,  -23.146183, -124.664067, 1033.677781,    0.000000,    0.093504,    2.024712,    1.138773,    0.105587,    0.069352,    0.001689,    0.001721,    0.000000
1997-07-08 24:00:00,1651351.392961,    0.000000,    0.000000,    0.000000,  424.346217,  194.708784,    0.000000,-1408.587186,  366.187635,    0.000000,    0.000000,   10.454107,339661.115924,    0.000000,    0.000000,    0.000000,    0.000000,    0.074000,   17.756628,   17.437827,   17.756628,  234.493266, -117.932473,  -43.810991, -106.942182,  983.982072,    0.000000,    0.079602,    1.755642,    1.060409,    0.125692,    0.073427,    0.001689,    0.001721,    0.000000
1997-07-09 24:00:00,1650542.822458,    0.000000,    0.000000,    0.000000,  414.216147,  198.587345,    0.000000,-1056.015747,   31.244038,    0.000000,    0.000000,   10.451725,339577.304251,    0.000000,    0.000000,    0.000000,    0.000000,    0.074000,   17.433777,   17.093499,   17.433777,  233.822409,  -88.470310,  -39.523431, -145.956644, 1023.428936,    0.000000,    0.044855,    1.046901,    0.818857,    0.356398,    0.135774,    0.001689,    0.001721,    0.000000
1997-07-10 24:00:00,1656199.293742,    0.000000,    0.000000,    0.000000,  423.555556,  194.187346,    0.000000, -863.012157, 6296.931481,    0.000000,    0.000000,   10.468390,340163.620868,    0.000000,    0.000000,    0.000000,    0.000000,    0.074000,   17.092025,   17.044951,   17.092025,  162.745295,  -72.187885,  -36.903845,  -75.841154,  375.956438,    0.000000,    0.065408,    1.473438,    0.971452,    0.022654,    0.054678,    0.001689,    0.001721,    0.000000
1997-07-11 24:00:00,1655916.950245,    0.000000,    0.000000,    0.000000,  425.505466,  192.821231,    0.000000, -516.116429,    0.000000,    0.000000,    0.000000,   10.467558,340134.354798,    0.000000,    0.000000,    0.000000,    0.000000,    0.074000,   17.151130,   16.570922,   17.151130,  180.644859,  -43.200795,  -16.350971, -134.700252, 1164.293871,    0.000000,    0.031530,    0.755640,    0.695686,    0.908357,    0.175630,    0.001689,    0.001721,    0.000000
1997-07-12 24:00:00,1655570.288922,    0.000000,    0.000000,    0.000000,  427.172030,  191.487099,    0.000000, -583.521314,    0.000000,    0.000000,    0.000000,   10.466537,340098.421920,    0.000000,    0.000000,    0.000000,    0.000000,    0.074000,   17.443037,   16.629543,   17.443037,  272.353690,  -48.830017,   -3.153999, -111.178522, 1158.402612,    0.000000,    0.056932,    1.300383,    0.912622,    0.398262,    0.068199,    0.001689,    0.001721,    0.000000
1997-07-13 24:00:00,1655346.407667,    0.000000,    0.000000,    0.000000,  406.274222,  200.664960,    0.000000, -430.321292,    0.000000,    0.000000,    0.000000,   10.465877,340075.215703,    0.000000,    0.000000,    0.000000,    0.000000,    0.074000,   17.887762,   16.795421,   17.887762,  267.356748,  -35.995903,    9.150806, -102.480634, 1116.192179,    0.000000,    0.078265,    1.729540,    1.052497,    0.290780,    0.059210,    0.001689,    0.001721,    0.000000
1997-07-14 24:00:00,1655670.174057,    0.000000,    0.000000,    0.000000,  419.097775,  195.121028,    0.000000,    0.000000,   99.983571,    0.000000,    0.000000,   10.466831,340108.775427,    0.000000,    0.000000,    0.000000,    0.000000,    0.074000,   18.824867,   17.035494,   18.824867,  248.091469,    0.000000,   31.411089,  -76.893110,  989.677586,    0.000000,    0.081761,    1.798030,    1.073134,    0.558120,    0.055270,    0.001689,    0.001721,    0.000000
1997-07-15 24:00:00,1656978.500627,    0.000000,    0.000000,    0.000000,  422.025505,  193.599371,    0.000000,    0.000000, 1082.260728,    0.000000,    0.000000,   10.470686,340244.388881,    0.000000,    0.000000,    0.000000,    0.000000,    0.074000,   19.735963,   17.290615,   19.735963,  208.060101,    0.000000,   37.058572,  -50.301267,  772.580869,    0.000000,    0.070562,    1.576996,    1.005011,    1.085827,    0.056980,    0.001689,    0.001721,    0.000000
1997-07-16 24:00:00,1660995.550523,    0.000000,    0.000000,    0.000000,  424.425791,  193.019437,    0.000000,  -22.920521, 3819.849569,    0.000000,    0.000000,   10.482521,340660.772698,    0.000000,    0.000000,    0.000000,    0.000000,    0.074000,   20.229897,   17.574074,   20.229897,  192.376220,   -1.908354,   26.628600,  -66.074310,  851.084929,    0.000000,    0.068553,    1.536886,    0.992148,    1.291543,    0.067864,    0.001689,    0.001721,    0.000000
1997-07-17 24:00:00,1660421.164014,    0.000000,    0.000000,    0.000000,  425.175457,  192.850479,    0.000000, -843.217037,   33.653050,    0.000000,    0.000000,   10.480828,340601.235163,    0.000000,    0.000000,    0.000000,    0.000000,    0.074000,   19.892885,   17.930380,   19.892885,  230.697900,  -70.238300,    4.633281,  -98.999071, 1087.970062,    0.000000,    0.094488,    2.043864,    1.144146,    0.475813,    0.056993,    0.001689,    0.001721,    0.000000
1997-07-18 24:00:00,1666687.371756,    0.000000,    0.000000,    0.000000,  422.947685,  194.061323,    0.000000,  -96.072561, 6159.728503,    0.000000,    0.000000,   10.499290,341250.753483,    0.000000,    0.000000,    0.000000,    0.000000,    0.074000,   20.499901,   18.397103,   20.499901,  216.551586,   -7.982881,   20.188377,  -76.413991,  732.765338,    0.000000,    0.068435,    1.534692,    0.991439,    0.922687,    0.056134,    0.001689,    0.001721,    0.000000
1997-07-19 24:00:00,1666638.225689,    0.000000,    0.000000,    0.000000,  413.191341,  198.758053,    0.000000, -264.990455,    0.000000,    0.000000,    0.000000,   10.499145,341245.659290,    0.000000,    0.000000,    0.000000,    0.000000,    0.074000,   20.931304,   18.931354,   20.931304,  219.220578,  -22.014871,   23.875864,  -93.975579, 1097.438094,    0.000000,    0.066447,    1.494698,    0.978436,    0.866977,    0.053860,    0.001689,    0.001721,    0.000000
1997-07-20 24:00:00,1666214.542673,    0.000000,    0.000000,    0.000000,  423.751671,  194.184946,    0.000000, -656.699925,    0.000000,    0.000000,    0.000000,   10.497897,341201.742795,    0.000000,    0.000000,    0.000000,    0.000000,    0.074000,   20.891242,   19.393226,   20.891242,  246.088571,  -54.539690,    4.220146, -108.759355,  954.224125,    0.000000,    0.059720,    1.357959,    0.932607,    0.756688,    0.057450,    0.001689,    0.001721,    0.000000
1997-07-21 24:00:00,1665207.699948,    0.000000,    0.000000,    0.000000,  404.346386,  203.218087,    0.000000,-1310.980283,   96.883637,    0.000000,    0.000000,   10.494930,341097.379387,    0.000000,    0.000000,    0.000000,    0.000000,    0.074000,   20.417737,   20.202157,   20.417737,  206.354765, -108.943331,  -30.436931,  -97.920297,  760.828566,    0.000000,    0.074240,    1.650436,    1.028146,    0.116661,    0.090077,    0.001689,    0.001721,    0.000000
1997-07-22 24:00:00,1664957.280459,    0.000000,    0.000000,    0.000000,  418.453173,  197.095203,    0.000000, -614.324933,  140.249338,    0.000000,    0.000000,   10.494193,341071.422373,    0.000000,    0.000000,    0.000000,    0.000000,    0.074000,   20.725243,   20.187387,   20.725243,  207.986372,  -51.067486,   -7.582091,  -84.638612,  959.101829,    0.000000,    0.050177,    1.159914,    0.861923,    0.458710,    0.136990,    0.001689,    0.001721,    0.000000
1997-07-23 24:00:00,1664440.313896,    0.000000,    0.000000,    0.000000,  423.753017,  195.306394,    0.000000, -748.957424,    0.000000,    0.000000,    0.000000,   10.492669,341017.836653,    0.000000,    0.000000,    0.000000,    0.000000,    0.074000,   20.608116,   20.229796,   20.608116,  199.486846,  -62.251608,  -13.772231,  -86.326871,  688.267971,    0.000000,    0.061462,    1.393548,    0.944749,    0.203140,    0.074060,    0.001689,    0.001721,    0.000000
1997-07-24 24:00:00,1663914.950536,    0.000000,    0.000000,    0.000000,  428.008244,  193.692268,    0.000000, -920.838545,  157.668666,    0.000000,    0.000000,   10.491122,340963.380570,    0.000000,    0.000000,    0.000000,    0.000000,    0.074000,   20.152955,   20.073781,   20.152955,  136.185390,  -76.574157,  -29.874814,  -92.116929,  432.918234,    0.000000,    0.051750,    1.192884,    0.874087,    0.058622,    0.054765,    0.001689,    0.001721,    0.000000
1997-07-25 24:00:00,1663659.857907,    0.000000,    0.000000,    0.000000,  428.504725,  193.541008,    0.000000, -492.521493,    0.272751,    0.000000,    0.000000,   10.490370,340936.939165,    0.000000,    0.000000,    0.000000,    0.000000,    0.074000,   20.125257,   19.838985,   20.125257,  131.989966,  -40.977163,  -10.818956,  -86.424039,  646.021626,    0.000000,    0.038205,    0.903436,    0.760684,    0.411490,    0.054797,    0.001689,    0.001721,    0.000000
1997-07-26 24:00:00,1663496.830436,    0.000000,    0.000000,    0.000000,  430.419001,  192.772114,    0.000000, -402.440910,    0.000000,    0.000000,    0.000000,   10.489890,340920.040694,    0.000000,    0.000000,    0.000000,    0.000000,    0.074000,   20.426455,   19.878926,   20.426455,  191.837885,  -33.481669,    1.319348,  -88.465719,  916.535581,    0.000000,    0.049810,    1.152171,    0.859041,    0.445994,    0.148591,    0.001689,    0.001721,    0.000000
1997-07-27 24:00:00,1671530.811520,    0.000000,    0.000000,    0.000000,  699.187712,  192.219230,    0.000000, -235.244151, 7758.905343,    0.000000,    0.000000,   10.513412,341747.973217,    0.000000,    0.000000,    0.000000,    0.000000,    0.074000,   20.555932,   19.919334,   20.543810,  176.510559,  -19.513401,    2.555883,  -74.656957,  523.477502,    0.000000,    0.063838,    1.442058,    0.961052,    0.432981,    0.051451,    0.001689,    0.001721,    0.000000
1997-07-28 24:00:00,1671978.662504,    0.000000,    0.000000,    0.000000,  700.134579,  191.933642,    0.000000,  -60.101501,    0.000000,    0.000000,    0.000000,   10.514717,341793.925520,    0.000000,    0.000000,    0.000000,    0.000000,    0.074000,   21.112161,   20.005712,   21.112161,  185.140574,   -4.984382,    5.474700,  -80.844748,  971.316569,    0.000000,    0.025010,    0.607498,    0.623775,    2.400678,    0.051687,    0.001689,    0.001721,    0.000000
1997-07-29 24:00:00,1672561.737265,    0.000000,    0.000000,    0.000000,  701.065384,  191.688975,    0.000000, -178.019410,  251.425627,    0.000000,    0.000000,   10.516416,341853.752627,    0.000000,    0.000000,    0.000000,    0.000000,    0.074000,   21.580963,   20.185532,   21.578607,  236.174298,  -14.749887,   14.378090,  -91.293362,  933.385482,    0.000000,    0.055075,    1.262350,    0.899177,    0.954292,    0.064947,    0.001689,    0.001721,    0.000000
1997-07-30 24:00:00,1671667.433047,    0.000000,    0.000000,    0.000000,  662.095527,  203.661164,    0.000000,-1347.336066,    0.000000,    0.000000,    0.000000,   10.513810,341761.991437,    0.000000,    0.000000,    0.000000,    0.000000,    0.074000,   21.028040,   20.659756,   21.017729,  243.778304, -111.677992,  -22.851647, -131.037473, 1023.089337,    0.000000,    0.079142,    1.747332,    1.057896,    0.193612,    0.058100,    0.001689,    0.001721,    0.000000
1997-07-31 24:00:00,1670750.917298,    0.000000,    0.000000,    0.000000,  682.976834,  197.066567,    0.000000,-1396.440028,    0.000000,    0.000000,    0.000000,   10.511139,341667.951207,    0.000000,    0.000000,    0.000000,    0.000000,    0.074000,   20.613205,   20.277172,   20.600014,  256.161395, -115.836926,  -35.794151, -154.299714, 1025.178038,    0.000000,    0.052642,    1.211669,    0.880942,    0.350796,    0.064834,    0.001689,    0.001721,    0.000000
1997-08-01 24:00:00,1670537.499720,    0.000000,    0.000000,    0.000000,  687.172627,  195.887251,    0.000000, -701.572382,    0.000000,    0.000000,    0.000000,   10.510517,341646.053232,    0.000000,    0.000000,    0.000000,    0.000000,    0.074000,   20.658816,   20.194643,   20.652490,  256.813579,  -58.212786,  -11.977174, -147.780665, 1020.065386,    0.000000,    0.025667,    0.622633,    0.631497,    1.431819,    0.132485,    0.001689,    0.001721,    0.000000
1997-08-02 24:00:00,1669629.952415,    0.000000,    0.000000,    0.000000,  694.491233,  192.955541,    0.000000,-1402.591193,    0.000000,    0.000000,    0.000000,   10.507873,341552.933220,    0.000000,    0.000000,    0.000000,    0.000000,    0.080000,   20.337321,   20.004521,   20.327829,  246.948939, -116.430461,  -17.079097, -131.066202,  945.341090,    0.000000,    0.077228,    1.709620,    1.046418,    0.160643,    0.087483,    0.001689,    0.001721,    0.000000
1997-08-03 24:00:00,1670277.220526,    0.000000,    0.000000,    0.000000,  698.772540,  191.719400,    0.000000,-1001.379400, 1140.941435,    0.000000,    0.000000,   10.509759,341619.346964,    0.000000,    0.000000,    0.000000,    0.000000,    0.080000,   20.435843,   20.042010,   20.424066,  230.378941,  -83.118465,   -7.160764,  -85.048148,  874.765932,    0.000000,    0.096436,    2.081432,    1.154613,    0.128790,    0.054140,    0.001689,    0.001721,    0.000000
1997-08-04 24:00:00,1670143.172404,    0.000000,    0.000000,    0.000000,  699.317031,  191.550533,    0.000000, -638.878311,    0.000000,    0.000000,    0.000000,   10.509368,341605.592791,    0.000000,    0.000000,    0.000000,    0.000000,    0.080000,   20.615573,   20.120647,   20.596691,  224.740058,  -53.024579,   10.262272, -112.456104,  892.077366,    0.000000,    0.071077,    1.587660,    1.008403,    0.258179,    0.054730,    0.001689,    0.001721,    0.000000
1997-08-05 24:00:00,1671026.798641,    0.000000,    0.000000,    0.000000,  703.328477,  190.465095,    0.000000, -378.912804,  748.018331,    0.000000,    0.000000,   10.511943,341696.258353,    0.000000,    0.000000,    0.000000,    0.000000,    0.080000,   20.801169,   20.227316,   20.797984,  211.675337,  -31.430257,   -0.432298,  -98.002201,   33.195574,    0.000000,    0.027605,    0.667007,    0.653613,    1.346793,    0.102570,    0.001689,    0.001721,    0.000000
1997-08-06 24:00:00,1670465.506922,    0.000000,    0.000000,    0.000000,  698.330303,  192.009686,    0.000000,-1062.902146,    0.000000,    0.000000,    0.000000,   10.510307,341638.666322,    0.000000,    0.000000,    0.000000,    0.000000,    0.080000,   20.419843,   20.191418,   20.407654,  190.711965,  -88.197286,  -19.825402, -115.817873,  239.159993,    0.000000,    0.064963,    1.464810,    0.968604,    0.169212,    0.120594,    0.001689,    0.001721,    0.000000
1997-08-07 24:00:00,1669651.841812,    0.000000,    0.000000,    0.000000,  701.660224,  191.094476,    0.000000,-1318.117555,    0.000000,    0.000000,    0.000000,   10.507936,341555.179209,    0.000000,    0.000000,    0.000000,    0.000000,    0.080000,   19.906881,   19.645079,   19.894956,  207.831786, -109.462902,  -34.228991, -150.572536,  890.461294,    0.000000,    0.051406,    1.185792,    0.871484,    0.289072,    0.065637,    0.001689,    0.001721,    0.000000
1997-08-08 24:00:00,1669487.242001,    0.000000,    0.000000,    0.000000,  698.600313,  192.071710,    0.000000, -933.223303,  265.293628,    0.000000,    0.000000,   10.507457,341538.290242,    0.000000,    0.000000,    0.000000,    0.000000,    0.080000,   19.774791,   19.516995,   19.765921,  206.211316,  -77.525310,  -15.971689, -110.733598,  704.272750,    0.000000,    0.052581,    1.210376,    0.880472,    0.233778,    0.054125,    0.001689,    0.001721,    0.000000
1997-08-09 24:00:00,1669051.564515,    0.000000,    0.000000,    0.000000,  704.041781,  190.513308,    0.000000, -944.597308,    0.000000,    0.000000,    0.000000,   10.506187,341493.587015,    0.000000,    0.000000,    0.000000,    0.000000,    0.080000,   19.760201,   19.334436,   19.753304,  210.310807,  -78.499219,   -2.699375, -115.151564,  910.666781,    0.000000,    0.070566,    1.577420,    1.005146,    0.223664,    0.054129,    0.001689,    0.001721,    0.000000
1997-08-10 24:00:00,1668536.159304,    0.000000,    0.000000,    0.000000,  707.510174,  189.532463,    0.000000,-1028.218502,    0.000000,    0.000000,    0.000000,   10.504685,341440.703226,    0.000000,    0.000000,    0.000000,    0.000000,    0.080000,   19.646744,   19.399920,   19.633108,  208.473092,  -85.454450,   -2.090557,  -90.911048,  687.279081,    0.000000,    0.102608,    2.198246,    1.186570,    0.076440,    0.054115,    0.001689,    0.001721,    0.000000
1997-08-11 24:00:00,1668199.640216,    0.000000,    0.000000,    0.000000,  706.955034,  189.711343,    0.000000,-1267.802401,  418.415970,    0.000000,    0.000000,   10.503704,341406.174270,    0.000000,    0.000000,    0.000000,    0.000000,    0.080000,   19.432530,   19.111628,   19.420277,  206.607041, -105.410237,   -2.766350, -118.028965,  884.765806,    0.000000,    0.110838,    2.352420,    1.227476,    0.084729,    0.054119,    0.001689,    0.001721,    0.000000
1997-08-12 24:00:00,1667677.697205,    0.000000,    0.000000,    0.000000,  709.009471,  189.194205,    0.000000,-1036.968081,    0.682707,    0.000000,    0.000000,   10.502183,341352.619662,    0.000000,    0.000000,    0.000000,    0.000000,    0.080000,   19.358315,   19.054036,   19.346918,  221.429554,  -86.238226,  -16.533105,  -97.809204,  795.392880,    0.000000,    0.084965,    1.860846,    1.091719,    0.123186,    0.062783,    0.001689,    0.001721,    0.000000
1997-08-13 24:00:00,1667130.861829,    0.000000,    0.000000,    0.000000,  438.064435,  188.840224,    0.000000, -983.360471,  191.066746,    0.000000,    0.000000,   10.500590,341296.510943,    0.000000,    0.000000,    0.000000,    0.000000,    0.080000,   18.996268,   18.721760,   18.996268,  217.016925,  -81.818022,  -32.965565, -148.609824,  842.139260,    0.000000,    0.037414,    0.886153,    0.753373,    0.447683,    0.138840,    0.001689,    0.001721,    0.000000
1997-08-14 24:00:00,1667086.285558,    0.000000,    0.000000,    0.000000,  442.098495,  190.085180,    0.000000, -627.588255,  331.588817,    0.000000,    0.000000,   10.500460,341291.937139,    0.000000,    0.000000,    0.000000,    0.000000,    0.080000,   18.786083,   18.751967,   18.786083,  148.101131,  -52.222278,  -19.993359,  -80.659568,  276.700387,    0.000000,    0.038092,    0.900996,    0.759656,    0.027434,    0.054781,    0.001689,    0.001721,    0.000000
1997-08-15 24:00:00,1666327.749305,    0.000000,    0.000000,    0.000000,  443.237353,  189.563045,    0.000000,-1138.486905,  122.573519,    0.000000,    0.000000,   10.498230,341213.477130,    0.000000,    0.000000,    0.000000,    0.000000,    0.080000,   18.279887,   17.992472,   18.279887,  152.794283,  -94.828288,  -33.242910, -138.546543,  859.480422,    0.000000,    0.063473,    1.434523,    0.958538,    0.168179,    0.065848,    0.001689,    0.001721,    0.000000
1997-08-16 24:00:00,1665258.925173,    0.000000,    0.000000,    0.000000,  441.762164,  189.036113,    0.000000,-1468.964067,  140.688593,    0.000000,    0.000000,   10.495081,341102.689093,    0.000000,    0.000000,    0.000000,    0.000000,    0.080000,   17.498890,   17.487815,   17.498890,  172.603297, -122.452863,  -51.836363, -132.545355,  429.613295,    0.000000,    0.070311,    1.572225,    1.003489,   -0.000455,    0.070607,    0.001689,    0.001721,    0.000000
1997-08-17 24:00:00,1669172.688748,    0.000000,    0.000000,    0.000000,  713.679518,  189.488450,    0.000000, -460.040077, 3849.248662,    0.000000,    0.000000,   10.506540,341506.015116,    0.000000,    0.000000,    0.000000,    0.000000,    0.080000,   17.574186,   17.266667,   17.569018,  141.502377,  -38.326702,   -9.164932,  -80.192405,  617.094727,    0.000000,    0.062490,    1.414599,    0.951858,    0.177059,    0.053366,    0.001689,    0.001721,    0.000000
1997-08-18 24:00:00,1681724.719173,    0.000000,    0.000000,    0.000000,  715.628117,  188.467355,    0.000000, -211.326262,12199.033170,    0.000000,    0.000000,   10.543118,342793.931706,    0.000000,    0.000000,    0.000000,    0.000000,    0.080000,   17.768502,   17.299984,   17.766842,  155.183194,  -17.534732,    2.995983,  -74.678675,  530.339587,    0.000000,    0.048527,    1.125433,    0.849015,    0.469120,    0.050894,    0.001689,    0.001721,    0.000000
1997-08-19 24:00:00,1686509.219569,    0.000000,    0.000000,    0.000000,  717.363707,  187.576255,    0.000000, -979.491017, 5232.286700,    0.000000,    0.000000,   10.557061,343284.851280,    0.000000,    0.000000,    0.000000,    0.000000,    0.080000,   17.116835,   17.063382,   17.110518,  130.931702,  -81.180001,  -42.852003, -103.157850,  432.240193,    0.000000,    0.060930,    1.383210,    0.941238,    0.038977,    0.054225,    0.001689,    0.001721,    0.000000
1997-08-20 24:00:00,1686424.022681,    0.000000,    0.000000,    0.000000,  695.945132,  193.918231,    0.000000, -587.391886,    0.000000,    0.000000,    0.000000,   10.556812,343276.109548,    0.000000,    0.000000,    0.000000,    0.000000,    0.080000,   16.908786,   16.634681,   16.904553,  159.504624,  -48.713099,  -20.052958, -133.675214,  729.137941,    0.000000,    0.028535,    0.688281,    0.663954,    0.651158,    0.129381,    0.001689,    0.001721,    0.000000
1997-08-21 24:00:00,1686480.069055,    0.000000,    0.000000,    0.000000,  643.984964,  210.134402,    0.000000, -500.937373,  123.023323,    0.000000,    0.000000,   10.556976,343281.860255,    0.000000,    0.000000,    0.000000,    0.000000,    0.080000,   16.771412,   16.695260,   16.766115,  141.317818,  -41.540771,  -12.379506,  -77.149784,  302.749413,    0.000000,    0.035780,    0.850442,    0.738036,    0.114106,    0.153667,    0.001689,    0.001721,    0.000000
1997-08-22 24:00:00,1693047.152341,    0.000000,    0.000000,    0.000000,  654.160312,  206.149801,    0.000000, -411.239560, 6537.890038,    0.000000,    0.000000,   10.576113,343955.683949,    0.000000,    0.000000,    0.000000,    0.000000,    0.080000,   16.603143,   16.483631,   16.598313,   94.009610,  -34.047073,  -14.624032,  -72.247089,  376.936066,    0.000000,    0.045071,    1.052177,    0.820918,    0.147301,    0.148481,    0.001689,    0.001721,    0.000000
1997-08-23 24:00:00,1694672.136083,    0.000000,    0.000000,    0.000000,  676.901771,  199.510508,    0.000000, -930.404620, 2080.854240,    0.000000,    0.000000,   10.580848,344122.417414,    0.000000,    0.000000,    0.000000,    0.000000,    0.080000,   16.244645,   16.062289,   16.240811,  137.489940,  -77.018895,  -32.476766,  -92.464322,  610.157407,    0.000000,    0.070423,    1.575341,    1.004483,    0.086496,    0.054346,    0.001689,    0.001721,    0.000000
1997-08-24 24:00:00,1694304.511889,    0.000000,    0.000000,    0.000000,  684.477962,  197.515209,    0.000000, -859.086799,    2.202108,    0.000000,    0.000000,   10.579777,344084.696879,    0.000000,    0.000000,    0.000000,    0.000000,    0.080000,   16.001929,   15.719999,   15.998859,  195.430166,  -71.147782,  -25.871981, -132.546587,  787.554976,    0.000000,    0.065610,    1.478537,    0.973132,    0.146189,    0.077239,    0.001689,    0.001721,    0.000000
1997-08-25 24:00:00,1695059.977033,    0.000000,    0.000000,    0.000000,  655.546536,  205.940883,    0.000000, -579.975387,  886.674472,    0.000000,    0.000000,   10.581978,344162.212313,    0.000000,    0.000000,    0.000000,    0.000000,    0.080000,   15.897397,   15.703639,   15.894995,  190.498100,  -48.024523,  -12.026496, -116.180121,  573.081454,    0.000000,    0.047056,    1.094497,    0.837265,    0.195143,    0.142326,    0.001689,    0.001721,    0.000000
1997-08-26 24:00:00,1695664.946120,    0.000000,    0.000000,    0.000000,  668.023574,  202.311692,    0.000000, -194.451503,  334.119107,    0.000000,    0.000000,   10.583741,344224.285914,    0.000000,    0.000000,    0.000000,    0.000000,    0.080000,   16.229775,   15.752689,   16.229775,  186.005720,  -16.099060,   -1.941863,  -95.926103,  744.516697,    0.000000,    0.028065,    0.677655,    0.658809,    0.832774,    0.133637,    0.001689,    0.001721,    0.000000
1997-08-27 24:00:00,1695762.961794,    0.000000,    0.000000,    0.000000,  680.548823,  198.657829,    0.000000, -385.735710,    0.688409,    0.000000,    0.000000,   10.584027,344234.342933,    0.000000,    0.000000,    0.000000,    0.000000,    0.080000,   16.207480,   15.937968,   16.202252,  190.955818,  -31.926172,    1.618766, -102.333280,  605.250198,    0.000000,    0.074045,    1.647533,    1.027241,    0.123533,    0.066939,    0.001689,    0.001721,    0.000000
1997-08-28 24:00:00,1696360.544893,    0.000000,    0.000000,    0.000000,  680.757723,  198.544259,    0.000000,    0.000000,  115.733493,    0.000000,    0.000000,   10.585768,344295.658686,    0.000000,    0.000000,    0.000000,    0.000000,    0.080000,   16.839039,   15.985410,   16.837605,  190.761175,    0.000000,   25.285812,  -82.505503,  733.540762,    0.000000,    0.073484,    1.636406,    1.023767,    0.310088,    0.091382,    0.001689,    0.001721,    0.000000
1997-08-29 24:00:00,1696378.937505,    0.000000,    0.000000,    0.000000,  683.740924,  197.766632,    0.000000, -469.100867,    0.000000,    0.000000,    0.000000,   10.585822,344297.545882,    0.000000,    0.000000,    0.000000,    0.000000,    0.080000,   16.914781,   16.082972,   16.910164,  210.208017,  -38.792390,   20.535175, -108.163790,  736.132085,    0.000000,    0.087619,    1.913376,    1.107020,    0.181960,    0.078395,    0.001689,    0.001721,    0.000000
1997-08-30 24:00:00,1696259.803568,    0.000000,    0.000000,    0.000000,  687.977896,  196.690313,    0.000000, -612.395651,    0.000000,    0.000000,    0.000000,   10.585475,344285.321997,    0.000000,    0.000000,    0.000000,    0.000000,    0.080000,   16.817430,   16.355443,   16.811724,  191.832669,  -50.640054,  -11.245492, -102.856650,  600.224544,    0.000000,    0.053034,    1.220355,    0.884094,    0.212896,    0.063883,    0.001689,    0.001721,    0.000000
1997-08-31 24:00:00,1696329.765767,    0.000000,    0.000000,    0.000000,  688.782101,  196.408088,    0.000000, -423.774243,    0.000000,    0.000000,    0.000000,   10.585679,344292.500555,    0.000000,    0.000000,    0.000000,    0.000000,    0.080000,   16.891213,   16.553767,   16.890622,  185.007682,  -35.045257,   -6.873222, -105.108961,  679.871753,    0.000000,    0.048265,    1.120139,    0.847016,    0.304788,    0.142790,    0.001689,    0.001721,    0.000000
1997-09-01 24:00:00,1703815.274694,    0.000000,    0.000000,    0.000000,  692.068869,  195.471878,    0.000000, -274.574344, 7271.096820,    0.000000,    0.000000,   10.607412,345057.918514,    0.000000,    0.000000,    0.000000,    0.000000,    0.080000,   16.921500,   16.590609,   16.915699,  153.264539,  -22.650992,   -2.991076,  -77.611354,  381.357459,    0.000000,    0.058834,    1.340652,    0.926645,    0.202310,    0.083232,    0.001689,    0.001721,    0.000000
1997-09-02 24:00:00,1704216.364522,    0.000000,    0.000000,    0.000000,  694.799297,  194.725872,    0.000000,  -98.456536,    0.000000,    0.000000,    0.000000,   10.608568,345098.660685,    0.000000,    0.000000,    0.000000,    0.000000,    0.090000,   17.202977,   16.718655,   17.202977,  153.301802,   -8.121813,   10.626880,  -95.588557,  670.564832,    0.000000,    0.037204,    0.881986,    0.751599,    0.564567,    0.131114,    0.001689,    0.001721,    0.000000
1997-09-03 24:00:00,1707776.780069,    0.000000,    0.000000,    0.000000,  696.101435,  194.374811,    0.000000,    0.000000, 3044.116580,    0.000000,    0.000000,   10.618831,345460.322962,    0.000000,    0.000000,    0.000000,    0.000000,    0.090000,   17.772068,   16.822730,   17.769889,  189.460603,    0.000000,   42.584861,  -80.470587,  623.725560,    0.000000,    0.100683,    2.163720,    1.177216,    0.257489,    0.097191,    0.001689,    0.001721,    0.000000
1997-09-04 24:00:00,1707459.971195,    0.000000,    0.000000,    0.000000,  659.559751,  204.920202,    0.000000,-1042.703385,  274.540607,    0.000000,    0.000000,   10.617918,345428.141938,    0.000000,    0.000000,    0.000000,    0.000000,    0.090000,   17.403307,   17.212976,   17.397226,  183.871085,  -85.871761,  -13.536549,  -93.044613,  625.013317,    0.000000,    0.098121,    2.115118,    1.163919,    0.056499,    0.097330,    0.001689,    0.001721,    0.000000
1997-09-05 24:00:00,1706538.763659,    0.000000,    0.000000,    0.000000,  680.147869,  199.007600,    0.000000,-1396.120867,    0.000000,    0.000000,    0.000000,   10.615262,345334.566901,    0.000000,    0.000000,    0.000000,    0.000000,    0.090000,   16.637986,   16.527997,   16.632595,  194.442974, -115.079705,  -59.063799, -163.120575,  688.318361,    0.000000,    0.063136,    1.428702,    0.956591,    0.069588,    0.054445,    0.001689,    0.001721,    0.000000
1997-09-06 24:00:00,1705928.207107,    0.000000,    0.000000,    0.000000,  669.377954,  202.085357,    0.000000,-1072.821427,    0.000000,    0.000000,    0.000000,   10.613502,345272.547379,    0.000000,    0.000000,    0.000000,    0.000000,    0.090000,   16.191248,   16.053443,   16.187117,  199.017847,  -88.505094,  -35.260563, -151.364865,  650.769929,    0.000000,    0.054711,    1.255485,    0.896729,    0.120001,    0.105495,    0.001689,    0.001721,    0.000000
1997-09-07 24:00:00,1705637.225347,    0.000000,    0.000000,    0.000000,  685.045897,  198.721388,    0.000000, -883.979958,  110.405689,    0.000000,    0.000000,   10.612664,345242.989838,    0.000000,    0.000000,    0.000000,    0.000000,    0.090000,   15.963811,   15.881199,   15.960131,  161.789734,  -72.956622,  -21.293667,  -89.584990,  434.947311,    0.000000,    0.103310,    2.213228,    1.190607,    0.018515,    0.054426,    0.001689,    0.001721,    0.000000
1997-09-08 24:00:00,1705969.162494,    0.000000,    0.000000,    0.000000,  692.015222,  196.506388,    0.000000, -162.786495,    0.000000,    0.000000,    0.000000,   10.613620,345276.707572,    0.000000,    0.000000,    0.000000,    0.000000,    0.090000,   16.183600,   15.914223,   16.179432,  139.271962,  -13.435160,   18.073560,  -87.886959,  492.321752,    0.000000,    0.084798,    1.859043,    1.091189,    0.092206,    0.054455,    0.001689,    0.001721,    0.000000
1997-09-09 24:00:00,1706040.582045,    0.000000,    0.000000,    0.000000,  694.681267,  195.428366,    0.000000, -433.815268,    8.009924,    0.000000,    0.000000,   10.613826,345283.962275,    0.000000,    0.000000,    0.000000,    0.000000,    0.090000,   16.073226,   15.839197,   16.070115,  159.334142,  -35.801820,   -9.197788, -110.435244,  563.360387,    0.000000,    0.046829,    1.089857,    0.835488,    0.234342,    0.140916,    0.001689,    0.001721,    0.000000
1997-09-10 24:00:00,1706277.702955,    0.000000,    0.000000,    0.000000,  697.108072,  195.471638,    0.000000, -270.178681,    6.905414,    0.000000,    0.000000,   10.614510,345308.048702,    0.000000,    0.000000,    0.000000,    0.000000,    0.090000,   16.280702,   15.874125,   16.275804,  160.830624,  -22.293201,    3.564778,  -72.960951,  498.872839,    0.000000,    0.062834,    1.422531,    0.954523,    0.181722,    0.054598,    0.001689,    0.001721,    0.000000
1997-09-11 24:00:00,1709801.273722,    0.000000,    0.000000,    0.000000,  696.565940,  195.671079,    0.000000, -275.120620, 3285.204960,    0.000000,    0.000000,   10.624667,345665.968335,    0.000000,    0.000000,    0.000000,    0.000000,    0.090000,   16.406090,   16.004387,   16.401073,  154.649747,  -22.673907,    5.816363,  -82.166580,  517.212962,    0.000000,    0.066234,    1.491566,    0.977410,    0.157437,    0.078334,    0.001689,    0.001721,    0.000000
1997-09-12 24:00:00,1709337.439310,    0.000000,    0.000000,    0.000000,  697.763153,  194.988762,    0.000000, -963.038483,    0.000000,    0.000000,    0.000000,   10.623330,345618.852652,    0.000000,    0.000000,    0.000000,    0.000000,    0.090000,   15.897782,   15.770224,   15.894047,  167.356368,  -79.396748,  -28.408668, -132.745173,  576.035660,    0.000000,    0.070370,    1.574709,    1.004282,    0.057966,    0.162285,    0.001689,    0.001721,    0.000000
1997-09-13 24:00:00,1709187.312776,    0.000000,    0.000000,    0.000000,  698.379508,  194.832169,    0.000000, -651.199341,    0.000000,    0.000000,    0.000000,   10.622897,345603.602999,    0.000000,    0.000000,    0.000000,    0.000000,    0.090000,   15.646888,   15.478028,   15.644394,  176.927716,  -53.710890,  -18.639335, -140.030212,  575.115264,    0.000000,    0.037733,    0.893637,    0.756547,    0.248133,    0.146997,    0.001689,    0.001721,    0.000000
1997-09-14 24:00:00,1709144.059624,    0.000000,    0.000000,    0.000000,  682.300883,  199.309736,    0.000000, -524.238438,    0.000000,    0.000000,    0.000000,   10.622773,345599.209401,    0.000000,    0.000000,    0.000000,    0.000000,    0.090000,   15.561061,   15.333743,   15.559629,  179.961442,  -43.248530,   -5.789438, -127.894872,  590.096268,    0.000000,    0.033952,    0.810183,    0.720356,    0.382396,    0.147593,    0.001689,    0.001721,    0.000000
1997-09-15 24:00:00,1709781.590463,    0.000000,    0.000000,    0.000000,  695.074955,  195.737911,    0.000000, -690.529689,  828.207863,    0.000000,    0.000000,   10.624610,345663.968936,    0.000000,    0.000000,    0.000000,    0.000000,    0.090000,   15.282702,   15.218866,   15.280022,  149.911843,  -56.963643,  -12.660686, -106.258632,  378.866418,    0.000000,    0.077453,    1.715398,    1.048185,    0.023767,    0.054454,    0.001689,    0.001721,    0.000000
1997-09-16 24:00:00,1710244.004347,    0.000000,    0.000000,    0.000000,  697.073719,  194.754285,    0.000000,  -39.763112,    0.000000,    0.000000,    0.000000,   10.625943,345710.940323,    0.000000,    0.000000,    0.000000,    0.000000,    0.090000,   15.646200,   15.238237,   15.646200,  147.615651,   -3.280057,   15.796233,  -89.982223,  565.926839,    0.000000,    0.062277,    1.411301,    0.950747,    0.184233,    0.112971,    0.001689,    0.001721,    0.000000
1997-09-17 24:00:00,1711630.118807,    0.000000,    0.000000,    0.000000,  698.283522,  194.097836,    0.000000,  -55.903153,  934.917449,    0.000000,    0.000000,   10.629939,345851.739987,    0.000000,    0.000000,    0.000000,    0.000000,    0.090000,   15.790614,   15.271439,   15.789196,  145.262003,   -4.607212,    9.996982,  -78.386924,  364.359398,    0.000000,    0.043221,    1.012791,    0.805407,    0.535168,    0.132584,    0.001689,    0.001721,    0.000000
1997-09-18 24:00:00,1719743.992438,    0.000000,    0.000000,    0.000000,  695.491048,  194.656184,    0.000000,  -41.155441, 7639.315670,    0.000000,    0.000000,   10.653329,346675.936481,    0.000000,    0.000000,    0.000000,    0.000000,    0.090000,   15.841333,   15.329625,   15.837752,  105.772811,   -3.383661,   13.805637,  -69.020293,  309.491026,    0.000000,    0.104685,    2.239794,    1.197731,    0.062869,    0.054817,    0.001689,    0.001721,    0.000000
1997-09-19 24:00:00,1719659.752197,    0.000000,    0.000000,    0.000000,  696.956819,  194.244629,    0.000000, -743.208734,  156.684179,    0.000000,    0.000000,   10.653086,346667.379469,    0.000000,    0.000000,    0.000000,    0.000000,    0.090000,   15.682145,   15.485661,   15.678671,  136.673099,  -61.116703,   15.621445, -106.323057,  552.244444,    0.000000,    0.113716,    2.408610,    1.242049,    0.039234,    0.054575,    0.001689,    0.001721,    0.000000
1997-09-20 24:00:00,1719649.734496,    0.000000,    0.000000,    0.000000,  692.747940,  195.381243,    0.000000, -803.802351,  296.794676,    0.000000,    0.000000,   10.653057,346666.361884,    0.000000,    0.000000,    0.000000,    0.000000,    0.090000,   15.551158,   15.414104,   15.547527,  163.587412,  -66.104165,    5.091020, -102.108162,  478.867661,    0.000000,    0.103601,    2.219362,    1.192256,    0.033467,    0.070935,    0.001689,    0.001721,    0.000000
1997-09-21 24:00:00,1728902.862170,    0.000000,    0.000000,    0.000000,  664.615538,  207.799670,    0.000000,   -5.796721, 8807.034135,    0.000000,    0.000000,   10.679731,347606.282289,    0.000000,    0.000000,    0.000000,    0.000000,    0.090000,   15.871517,   15.448024,   15.868026,  128.606512,   -0.475300,   15.929290,  -65.999875,  330.434059,    0.000000,    0.073820,    1.644078,    1.026164,    0.191964,    0.094301,    0.001689,    0.001721,    0.000000
1997-09-22 24:00:00,1728616.735932,    0.000000,    0.000000,    0.000000,  690.960653,  201.748493,    0.000000,-1439.989427,  663.157348,    0.000000,    0.000000,   10.678906,347577.217966,    0.000000,    0.000000,    0.000000,    0.000000,    0.090000,   15.009975,   14.991908,   15.007626,  121.181789, -118.141331,  -60.593861, -104.399408,  424.609116,    0.000000,    0.086830,    1.899328,    1.102949,    0.000000,    0.110177,    0.001689,    0.001721,    0.000000
1997-09-23 24:00:00,1728216.544545,    0.000000,    0.000000,    0.000000,  696.231878,  200.069346,    0.000000,-1280.553981,  382.563579,    0.000000,    0.000000,   10.677752,347536.567057,    0.000000,    0.000000,    0.000000,    0.000000,    0.090000,   14.289305,   14.265031,   14.288700,  141.099462, -105.159905,  -55.577006, -128.681980,  451.520807,    0.000000,    0.065204,    1.471233,    0.970725,    0.000000,    0.054595,    0.001689,    0.001721,    0.000000
1997-09-24 24:00:00,1727407.441928,    0.000000,    0.000000,    0.000000,  651.981201,  212.536511,    0.000000,-1250.618789,    0.000000,    0.000000,    0.000000,   10.675420,347454.379489,    0.000000,    0.000000,    0.000000,    0.000000,    0.090000,   13.641224,   13.590481,   13.641224,  154.187942, -102.804551,  -42.104831, -139.089742,  501.238692,    0.000000,    0.092924,    2.016757,    1.136533,    0.000000,    0.076532,    0.001689,    0.001721,    0.000000
1997-09-25 24:00:00,1727129.271711,    0.000000,    0.000000,    0.000000,  678.652204,  204.440715,    0.000000, -753.504109,    0.000000,    0.000000,    0.000000,   10.674618,347426.123328,    0.000000,    0.000000,    0.000000,    0.000000,    0.090000,   13.302659,   13.188591,   13.302659,  164.825494,  -61.979253,  -23.092379, -138.622331,  513.247294,    0.000000,    0.055854,    1.279645,    0.905316,    0.059885,    0.090474,    0.001689,    0.001721,    0.000000
1997-09-26 24:00:00,1725995.085399,    0.000000,    0.000000,    0.000000,  683.610488,  201.457134,    0.000000,-1618.423364,    0.000000,    0.000000,    0.000000,   10.671349,347310.914191,    0.000000,    0.000000,    0.000000,    0.000000,    0.090000,   12.529862,   12.522572,   12.529862,  164.358638, -133.246022,  -43.430892, -140.591612,  494.083211,    0.000000,    0.136869,    2.832758,    1.346977,    0.000000,    0.120054,    0.001689,    0.001721,    0.000000
1997-09-27 24:00:00,1725833.795870,    0.000000,    0.000000,    0.000000,  688.688208,  198.364254,    0.000000, -652.325290,    0.000000,    0.000000,    0.000000,   10.670884,347294.530615,    0.000000,    0.000000,    0.000000,    0.000000,    0.090000,   12.518452,   12.358649,   12.516657,  160.672911,  -53.732995,   25.533898, -113.533141,  486.283395,    0.000000,    0.120849,    2.540838,    1.275686,    0.017675,    0.071794,    0.001689,    0.001721,    0.000000
1997-09-28 24:00:00,1725887.111287,    0.000000,    0.000000,    0.000000,  688.632863,  196.947129,    0.000000, -438.841595,    0.000000,    0.000000,    0.000000,   10.671037,347299.946324,    0.000000,    0.000000,    0.000000,    0.000000,    0.090000,   12.485882,   12.308330,   12.485882,  157.910848,  -36.148562,    6.263069, -115.842860,  473.056984,    0.000000,    0.059070,    1.346022,    0.928499,    0.092111,    0.051339,    0.001689,    0.001721,    0.000000
1997-09-29 24:00:00,1726196.035372,    0.000000,    0.000000,    0.000000,  679.915580,  190.734349,    0.000000, -180.460277,    0.000000,    0.000000,    0.000000,   10.671928,347331.326422,    0.000000,    0.000000,    0.000000,    0.000000,    0.090000,   12.723312,   12.552263,   12.722094,  133.924329,  -14.861541,   37.685941,  -73.890732,  338.504276,    0.000000,    0.119402,    2.514190,    1.268979,    0.022513,    0.058415,    0.001689,    0.001721,    0.000000
1997-09-30 24:00:00,1727434.658735,    0.000000,    0.000000,    0.000000,  679.323452,  190.784911,    0.000000, -290.729089, 1041.824936,    0.000000,    0.000000,   10.675498,347457.144136,    0.000000,    0.000000,    0.000000,    0.000000,    0.090000,   12.804085,   12.714158,   12.804085,  101.557866,  -23.930123,   36.986799,  -71.535489,  273.862538,    0.000000,    0.154701,    3.151647,    1.420771,    0.003415,    0.056226,    0.001689,    0.001721,    0.000000
1997-10-01 24:00:00,1727980.467326,    0.000000,    0.000000,    0.000000,  680.224728,  190.747858,    0.000000,-1373.158696, 1429.581269,    0.000000,    0.000000,   10.677072,347512.586647,    0.000000,    0.000000,    0.000000,    0.000000,    0.090000,   12.197287,   12.191069,   12.197287,   79.209570, -113.036939,  -16.188913,  -82.039610,  201.877158,    0.000000,    0.163919,    3.314243,    1.456960,    0.000000,    0.071586,    0.001689,    0.001721,    0.000000
1997-10-02 24:00:00,1727435.126259,    0.000000,    0.000000,    0.000000,  679.458439,  190.531873,    0.000000,-1120.862542,   84.919334,    0.000000,    0.000000,   10.675500,347457.191627,    0.000000,    0.000000,    0.000000,    0.000000,    0.144000,   11.506362,   11.497762,   11.506362,   87.788928,  -92.351944,  -36.935973, -109.796818,  332.311133,    0.000000,    0.138461,    2.861574,    1.353811,    0.000000,    0.071585,    0.001689,    0.001721,    0.000000
1997-10-03 24:00:00,1727345.740866,    0.000000,    0.000000,    0.000000,  674.913748,  191.737451,    0.000000, -709.349005,  135.914078,    0.000000,    0.000000,   10.675242,347448.111977,    0.000000,    0.000000,    0.000000,    0.000000,    0.144000,   10.962013,   10.900078,   10.959372,  130.464433,  -58.485997,  -33.282608, -148.212639,  441.668400,    0.000000,    0.052571,    1.211300,    0.880808,    0.021692,    0.071584,    0.001689,    0.001721,    0.000000
1997-10-04 24:00:00,1727480.711733,    0.000000,    0.000000,    0.000000,  676.006936,  191.598815,    0.000000, -349.971987,    0.000000,    0.000000,    0.000000,   10.675631,347461.822138,    0.000000,    0.000000,    0.000000,    0.000000,    0.144000,   11.018400,   10.841495,   11.016970,  145.694364,  -28.861364,   10.996674,  -99.945265,  420.702756,    0.000000,    0.075359,    1.674579,    1.035639,    0.042464,    0.071657,    0.001689,    0.001721,    0.000000
1997-10-05 24:00:00,1727973.593007,    0.000000,    0.000000,    0.000000,  683.085750,  190.204477,    0.000000,    0.000000,    0.000000,    0.000000,    0.000000,   10.677052,347511.888363,    0.000000,    0.000000,    0.000000,    0.000000,    0.144000,   11.462952,   11.150993,   11.461139,  140.907234,    0.000000,   64.255857,  -88.524062,  409.707647,    0.000000,    0.102039,    2.190270,    1.184416,    0.049907,    0.050493,    0.001689,    0.001721,    0.000000
1997-10-06 24:00:00,1728468.214196,    0.000000,    0.000000,    0.000000,  684.834635,  190.213446,    0.000000,    0.000000,    0.000000,    0.000000,    0.000000,   10.678478,347562.131325,    0.000000,    0.000000,    0.000000,    0.000000,    0.144000,   11.838197,   11.204590,   11.838197,  141.038855,    0.000000,   68.064215,  -92.891151,  417.722513,    0.000000,    0.109685,    2.333967,    1.222652,    0.047255,    0.053028,    0.001689,    0.001721,    0.000000
1997-10-07 24:00:00,1731052.148351,    0.000000,    0.000000,    0.000000,  685.884694,  190.132725,    0.000000, -656.959444, 2749.737641,    0.000000,    0.000000,   10.685927,347824.603921,    0.000000,    0.000000,    0.000000,    0.000000,    0.144000,   11.733190,   11.654994,   11.733190,  123.104640,  -54.074875,   36.122964,  -91.475276,  303.166602,    0.000000,    0.127961,    2.671440,    1.308062,    0.004630,    0.071293,    0.001689,    0.001721,    0.000000
1997-10-08 24:00:00,1739056.842086,    0.000000,    0.000000,    0.000000,  684.612421,  190.030454,    0.000000, -366.487388, 7876.302354,    0.000000,    0.000000,   10.708905,348634.563061,    0.000000,    0.000000,    0.000000,    0.000000,    0.144000,   11.517969,   11.510291,   11.517969,   78.391641,  -30.099449,    5.694487,  -92.914333,  155.345183,    0.000000,    0.051371,    1.186377,    0.871699,    0.000000,    0.094288,    0.001689,    0.001721,    0.000000
1997-10-09 24:00:00,1739566.683905,    0.000000,    0.000000,    0.000000,  684.534807,  189.911113,    0.000000,    0.000000,   15.130772,    0.000000,    0.000000,   10.710359,348685.838289,    0.000000,    0.000000,    0.000000,    0.000000,    0.144000,   11.756043,   11.508041,   11.756043,   83.220696,    0.000000,   18.535351,  -52.403187,  324.799293,    0.000000,    0.073960,    1.647189,    1.027134,    0.070477,    0.101890,    0.001689,    0.001721,    0.000000
1997-10-10 24:00:00,1741329.433246,    0.000000,    0.000000,    0.000000,  672.658814,  192.860473,    0.000000,    0.000000, 1275.997953,    0.000000,    0.000000,   10.715386,348863.119499,    0.000000,    0.000000,    0.000000,    0.000000,    0.144000,   12.419665,   11.540105,   12.419665,  106.503147,    0.000000,  100.045356,  -47.130396,  290.248509,    0.000000,    0.127354,    2.660963,    1.305494,    0.107550,    0.059992,    0.001689,    0.001721,    0.000000
1997-10-11 24:00:00,1744539.964091,    0.000000,    0.000000,    0.000000,  638.689718,  202.089071,    0.000000, -264.095049, 3024.962579,    0.000000,    0.000000,   10.724542,349186.005333,    0.000000,    0.000000,    0.000000,    0.000000,    0.144000,   12.507663,   12.370901,   12.507663,  100.654345,  -21.638163,   55.416668,  -59.629082,  288.385365,    0.000000,    0.183354,    3.653926,    1.529802,    0.004195,    0.071254,    0.001689,    0.001721,    0.000000
1997-10-12 24:00:00,1743712.806807,    0.000000,    0.000000,    0.000000,  662.226802,  196.279365,    0.000000,-1287.483356,    0.000000,    0.000000,    0.000000,   10.722183,349102.817418,    0.000000,    0.000000,    0.000000,    0.000000,    0.144000,   11.693975,   11.686297,   11.693975,  116.041879, -105.549559,  -50.927757, -135.851311,  374.556524,    0.000000,    0.090240,    1.965811,    1.122086,    0.000000,    0.071537,    0.001689,    0.001721,    0.000000
1997-10-13 24:00:00,1743278.317953,    0.000000,    0.000000,    0.000000,  659.788830,  196.291773,    0.000000, -981.182578,   87.264659,    0.000000,    0.000000,   10.720944,349059.120502,    0.000000,    0.000000,    0.000000,    0.000000,    0.144000,   11.427508,   11.418945,   11.427508,  105.564839,  -80.491863,    4.996561,  -76.397273,  228.737430,    0.000000,    0.140310,    2.895869,    1.361899,    0.000000,    0.071526,    0.001689,    0.001721,    0.000000
1997-10-14 24:00:00,1743773.898502,    0.000000,    0.000000,    0.000000,  651.130063,  198.328573,    0.000000,    0.000000,   42.585464,    0.000000,    0.000000,   10.722358,349108.961462,    0.000000,    0.000000,    0.000000,    0.000000,    0.144000,   11.846875,   11.704515,   11.846875,   70.810884,    0.000000,   97.362968,  -55.207453,  173.873106,    0.000000,    0.183247,    3.652016,    1.529402,    0.003613,    0.064332,    0.001689,    0.001721,    0.000000
1997-10-15 24:00:00,1754503.004444,    0.000000,    0.000000,    0.000000,  668.739667,  194.922691,    0.000000, -337.748592,10562.478862,    0.000000,    0.000000,   10.752956,350187.996827,    0.000000,    0.000000,    0.000000,    0.000000,    0.144000,   11.820746,   11.813470,   11.813470,   62.785011,  -27.611112,   25.217020,  -56.928490,  181.552648,    0.000000,    0.208062,    4.077417,    1.616025,    0.000021,    0.071510,    0.001689,    0.001721,    0.000000
1997-10-16 24:00:00,1752869.169261,    0.000000,    0.000000,    0.000000,  672.498242,  193.702165,    0.000000,-2155.737314,   46.491013,    0.000000,    0.000000,   10.748296,350023.680625,    0.000000,    0.000000,    0.000000,    0.000000,    0.144000,   10.322351,   10.309978,   10.309978,   64.004731, -176.451473, -130.663153, -110.825023,  178.813233,    0.000000,    0.135433,    2.808487,    1.341194,    0.000002,    0.071505,    0.001689,    0.001721,    0.000000
1997-10-17 24:00:00,1752629.197572,    0.000000,    0.000000,    0.000000,  671.268431,  193.687176,    0.000000, -716.204547,    0.000000,    0.000000,    0.000000,   10.747612,349999.546467,    0.000000,    0.000000,    0.000000,    0.000000,    0.144000,    9.803444,    9.789334,    9.789334,   76.268702,  -58.692028,  -31.879951,  -98.645514,  248.168407,    0.000000,    0.052866,    1.217945,    0.883221,    0.000000,    0.071499,    0.001689,    0.001721,    0.000000
1997-10-18 24:00:00,1752720.881574,    0.000000,    0.000000,    0.000000,  618.460948,  207.517014,    0.000000, -318.655492,    0.000000,    0.000000,    0.000000,   10.747873,350008.767205,    0.000000,    0.000000,    0.000000,    0.000000,    0.144000,    9.644865,    9.553864,    9.644865,   98.943084,  -26.122293,   -6.920747,  -91.684483,  304.003173,    0.000000,    0.025233,    0.613060,    0.626624,    0.127460,    0.149923,    0.001689,    0.001721,    0.000000
1997-10-19 24:00:00,1752705.924799,    0.000000,    0.000000,    0.000000,  659.432655,  198.065836,    0.000000, -649.506711,  174.082671,    0.000000,    0.000000,   10.747831,350007.262990,    0.000000,    0.000000,    0.000000,    0.000000,    0.144000,    9.268538,    9.252943,    9.252943,   94.520927,  -53.257208,  -10.052629, -103.517942,  222.973489,    0.000000,    0.071415,    1.596849,    1.011317,    0.000000,    0.071524,    0.001689,    0.001721,    0.000000
